9.213331368709228898e-04,-1.007535382996706990e-03,-3.835801886649642389e-03,-1.922153445029374692e-03,-4.622088103165391051e-03,-1.312205834491283031e-03,5.460979419844728781e-03,-5.179358206039100937e-04,1.328374605564197316e-03,5.192295189047948503e-04
2.756919718438347912e-03,-3.027264553822733763e-03,-1.154220577822102738e-02,-5.954441788486854355e-03,-1.425831316718340937e-02,-4.233492615337428738e-03,1.847309935277225562e-02,-3.599299310741219463e-03,1.043317521837735205e-02,5.691827166546522231e-03
4.593327752483845547e-03,-5.045906413470416067e-03,-1.923840854098486652e-02,-9.956537137912486665e-03,-2.383902346127009242e-02,-7.131420721201951751e-03,3.133615364440459072e-02,-6.618090663321655499e-03,1.939913221579388225e-02,1.057177483788311612e-02
6.431350701708769824e-03,-7.062299277219284167e-03,-2.691502885488415361e-02,-1.390081498207531435e-02,-3.331630437971410535e-02,-9.979880257887799658e-03,4.393148655608074271e-02,-9.563782024037296298e-03,2.808652854200268181e-02,1.539642464254077116e-02
8.271775191849059516e-03,-9.075310750322649125e-03,-3.456239393745162702e-02,-1.775937260342587767e-02,-4.263698600239985287e-02,-1.275224740804203893e-02,5.610985374903273287e-02,-1.233049831778724667e-02,3.636404871835721697e-02,2.001058993470477068e-02
1.011539517114000419e-02,-1.108384721123722647e-02,-4.217077812106593410e-02,-2.150421087327872294e-02,-5.174957626252497250e-02,-1.542388505616983790e-02,6.773342588482204885e-02,-1.485719254294763821e-02,4.407422480345337540e-02,2.431820087027031577e-02
1.196301310198065286e-02,-1.308678548305365272e-02,-4.973021741563098813e-02,-2.510707249065372362e-02,-6.060216215731177580e-02,-1.796908724918596517e-02,7.866700744899028652e-02,-1.706889281873212594e-02,5.109932603459382827e-02,2.828772237481275847e-02
1.381544427673150888e-02,-1.508300392378796387e-02,-5.723052474155732733e-02,-2.853960689347765506e-02,-6.914282447162320433e-02,-2.036352898647197582e-02,8.877904595588979875e-02,-1.891343038140652980e-02,5.730067879394915020e-02,3.184193866951678248e-02
1.567351801654076962e-02,-1.707134565698232090e-02,-6.466115623730930850e-02,-3.177318294233182072e-02,-7.731892501888186497e-02,-2.258199308254803597e-02,9.794084573992427323e-02,-2.032525523985593066e-02,6.257428833165493143e-02,3.494888854672103390e-02
1.753808199840697565e-02,-1.905064518595411469e-02,-7.201121689886774702e-02,-3.477898544900065447e-02,-8.507767635241474113e-02,-2.460050146894520590e-02,1.060284611284041945e-01,-2.125856493935447331e-02,6.680349151396308693e-02,3.753748400732093843e-02
1.941000384757987640e-02,-2.101969782878590140e-02,-7.926932679968511086e-02,-3.752789805827660974e-02,-9.236547158450925110e-02,-2.639448196143837078e-02,1.129225304814514830e-01,-2.165920007614729331e-02,6.990561691520139065e-02,3.957961527237213034e-02
2.129017575124013059e-02,-2.297728065485194274e-02,-8.642361092298150860e-02,-3.999055168027586260e-02,-9.912843311856661677e-02,-2.794059592885932489e-02,1.185099367625506300e-01,-2.149135732627993622e-02,7.179162010062445365e-02,4.101161094737573037e-02
2.317951651037607544e-02,-2.492212639887599751e-02,-9.346155779510312289e-02,-4.213726927679566775e-02,-1.053117748682505378e-01,-2.921513411193736934e-02,1.226840702305088265e-01,-2.071459301281968618e-02,7.240695087266853236e-02,4.181220085398069247e-02
2.507897660412018032e-02,-2.685294046751206254e-02,-1.003699923945392120e-01,-4.393809278109270244e-02,-1.108603616342107440e-01,-3.019571788319530201e-02,1.253465527324922613e-01,-1.930686085254515461e-02,7.169647153084592051e-02,4.192703345419102057e-02
2.698954084994614061e-02,-2.876837758826837274e-02,-1.071349211068969576e-01,-4.536277920828191840e-02,-1.157180970060593950e-01,-3.085986388294829907e-02,1.264078201882764263e-01,-1.724475997692698562e-02,6.964144730022664431e-02,4.134385850626878800e-02
2.891223411736808593e-02,-3.066705606070715961e-02,-1.137414826266023860e-01,-4.638082729164325763e-02,-1.198285046891191530e-01,-3.118660320788477561e-02,1.257891393349766518e-01,-1.452409505978026136e-02,6.622720412923495392e-02,4.002068656478941638e-02
3.084812480068598040e-02,-3.254753662775215772e-02,-1.201737730226191819e-01,-4.696152211297767443e-02,-1.231341510985859422e-01,-3.115517544413856643e-02,1.234235737332797511e-01,-1.114270326201529174e-02,6.147779175743623564e-02,3.795747093441113884e-02
3.279833141453478151e-02,-3.440833434485347092e-02,-1.264147676668695153e-01,-4.707398937968669539e-02,-1.255772731392386654e-01,-3.074662954651044555e-02,1.192582069857948401e-01,-7.119167845746023592e-03,5.542649120422044051e-02,3.512700475737468714e-02
3.476402715832926232e-02,-3.624789924820253501e-02,-1.324461169291333007e-01,-4.668730385140132388e-02,-1.270992592081406636e-01,-2.994266380669312680e-02,1.132557506010705567e-01,-2.477774706418476962e-03,4.814747340026259703e-02,3.154514589158274873e-02
3.674644772991397801e-02,-3.806462662594475160e-02,-1.382480298977542543e-01,-4.577058684401115463e-02,-1.276413285794490149e-01,-2.872720817265858595e-02,1.053971831573893569e-01,2.734182325416042569e-03,3.972858134830342669e-02,2.720378845868424295e-02
3.874689735027161963e-02,-3.985683914474596329e-02,-1.437990283166946659e-01,-4.429321046967232139e-02,-1.271441174607834679e-01,-2.708544841882827570e-02,9.568395294581708010e-02,8.459556395843450052e-03,3.030088184241692267e-02,2.213891924269678624e-02
4.076675824643205548e-02,-4.162279611651382299e-02,-1.490757775803839558e-01,-4.222497885309629134e-02,-1.255484524307629302e-01,-2.500544324141946648e-02,8.414131201112985681e-02,1.461504781208257386e-02,2.001253743378027250e-02,1.636672249302268539e-02
4.280749867604448367e-02,-4.336067710005360454e-02,-1.540527821301808375e-01,-3.953645815435390121e-02,-1.227950767266115517e-01,-2.247733973189787113e-02,7.082127162676063459e-02,2.110267066176388720e-02,9.056610037541141731e-03,9.949471960668360496e-03
4.487068472086772758e-02,-4.506859107666238290e-02,-1.587021421736419247e-01,-3.619931217798357664e-02,-1.188255974304368717e-01,-1.949510937567437013e-02,5.580676474093290013e-02,2.779397628177730437e-02,-2.354183780309044953e-03,2.934455364573539202e-03
4.695799109552905443e-02,-4.674456188792467520e-02,-1.629931644195713458e-01,-3.218682926687239237e-02,-1.135824345041924893e-01,-1.605601277107799457e-02,3.921565261327140256e-02,3.454021549073868491e-02,-1.396297945023243676e-02,-4.581195088069153244e-03
4.907121616628708910e-02,-4.838653858878168984e-02,-1.668920143798631184e-01,-2.747449908058700874e-02,-1.070100345704206868e-01,-1.216253821816033406e-02,2.120604566120778620e-02,4.115655548990137386e-02,-2.549375163525430601e-02,-1.250813717580995417e-02
5.121229669170894450e-02,-4.999238370080479749e-02,-1.703612034592823787e-01,-2.204085046871288520e-02,-9.905518953866179754e-02,-7.822214756817586975e-03,1.981488821405254144e-03,4.743095182069855670e-02,-3.662983625836618157e-02,-2.070219875402823373e-02
5.338332746414441166e-02,-5.155988675195606608e-02,-1.733590883467481525e-01,-1.586843509567202257e-02,-8.966869987687961507e-02,-3.049888140381195115e-03,-1.820212815454249136e-02,5.310797185042433199e-02,-4.704055620086325384e-02,-2.901746194559447212e-02
5.558658170954557109e-02,-5.308675744695254273e-02,-1.758391750891115379e-01,-8.945177998087234725e-03,-7.880628937505571030e-02,2.131929248187981740e-03,-3.902997736493277886e-02,5.789656006107270214e-02,-5.636505600372074959e-02,-3.724384138190094118e-02
5.782453749989836106e-02,-5.457064621260575982e-02,-1.777493898635285896e-01,-1.266024616813461777e-03,-6.643101894700136067e-02,7.690228070736999065e-03,-6.011950679414084647e-02,6.145291424792374141e-02,-6.424177109305315159e-02,-4.515501374778025517e-02
6.009990651819969304e-02,-5.600914612840510870e-02,-1.790311043882928943e-01,7.164849100716284315e-03,-5.251521611537602469e-02,1.358034401446393639e-02,-8.101210310544938731e-02,6.338701509587042759e-02,-7.030057234339527616e-02,-5.244644857362772139e-02
6.241567061993032878e-02,-5.739982677771195835e-02,-1.796180549426182604e-01,1.633124940601015165e-02,-3.704417888832426536e-02,1.974217557486748070e-02,-1.011622034357671368e-01,6.324417273796803518e-02,-7.419873680934582771e-02,-5.877538271021282013e-02
6.477512335008617228e-02,-5.874025338313097755e-02,-1.794349315370400710e-01,2.620128395180485945e-02,-2.001985011499361755e-02,2.609769980731380112e-02,-1.199273185696665134e-01,6.051023676901842036e-02,-7.562629090344960558e-02,-6.369799617622413923e-02
6.718192223238542149e-02,-6.002804550056884542e-02,-1.783957375663392519e-01,3.672258273774525739e-02,-1.466794412894978404e-03,3.254558398106265071e-02,-1.365552844834657942e-01,5.459122748769894978e-02,-7.435394746930266974e-02,-6.669786444779224333e-02
6.964015037254835117e-02,-6.126092928206682692e-02,-1.764016715040850336e-01,4.781599793211442628e-02,1.856100211315845835e-02,3.895644236347281519e-02,-1.501734961292773562e-01,4.481684050533876751e-02,-7.026006174915301605e-02,-6.712084478915553154e-02
7.215439407218897372e-02,-6.243684371328969696e-02,-1.733385625190930757e-01,5.936723462281267433e-02,3.997001165652543098e-02,4.516460721002573536e-02,-1.597760952618155761e-01,3.041792195350039377e-02,-6.340001473464075554e-02,-6.418690725361130001e-02
7.472983740569991151e-02,-6.355405764071662966e-02,-1.690735553186349105e-01,7.121570616512211405e-02,6.261456487954615568e-02,5.095935908816574822e-02,-1.642156643051981557e-01,1.052829591604695879e-02,-5.406774192792125622e-02,-5.692013433803359140e-02
7.737238247909018762e-02,-6.461136684784521411e-02,-1.634509461211031134e-01,8.313943751495989076e-02,8.627882451940502295e-02,5.607161269952517374e-02,-1.621962104671399452e-01,-1.583703437746069448e-02,-4.289842467308703500e-02,-4.413762211112546435e-02
8.008880049843074278e-02,-6.560832785627701558e-02,-1.562867314852821599e-01,9.483470263316295945e-02,1.106528337561507869e-01,6.015853941914171138e-02,-1.522771227333491462e-01,-4.976483009035072291e-02,-3.096590613019112662e-02,-2.437863317423929685e-02
8.288692413332271469e-02,-6.654555506702494738e-02,-1.473614928980964689e-01,1.058885288554026749e-01,1.352981604655808801e-01,6.278566748564221034e-02,-1.328877025641328202e-01,-9.237660763167175604e-02,-1.984498633307743912e-02,4.094709966673959825e-03
8.577587260997671104e-02,-6.742469626892448609e-02,-1.364108048362765446e-01,1.157446925904640489e-01,1.595977187830683874e-01,6.342755751593555369e-02,-1.023646426543623061e-01,-1.443717931871180415e-01,-1.131094283807768455e-02,4.315344265954905445e-02
8.876616726241444433e-02,-6.824605772975711471e-02,-1.231119650382120900e-01,1.236772694420323476e-01,1.826695135762120281e-01,6.159136160828385109e-02,-5.900234967467275771e-02,-2.039139932202537198e-01,-5.309430949777500103e-03,9.380575960731943330e-02
9.186860048774399268e-02,-6.899236095579595884e-02,-1.070638527280143720e-01,1.288530985459599987e-01,2.031690352193420701e-01,5.757273972329531031e-02,-1.090116508033470892e-03,-2.574287790154487499e-01,9.117896251773149538e-03,1.521956981956379684e-01
9.508393125989093864e-02,-6.954565366052231634e-02,-8.774077247682895986e-02,1.307829491512097209e-01,2.187524133947995331e-01,5.574510216761963122e-02,7.279631701679556421e-02,-2.466297212543504258e-01,8.314449358384397304e-02,1.989453144484149560e-01
9.833361713438248941e-02,-6.939800011344449127e-02,-6.424359166499682416e-02,1.306851882239926932e-01,2.259869342519773561e-01,7.229191662316794553e-02,1.568954694924618309e-01,-1.292348858136512131e-02,3.218673904188362744e-01,1.867041174799097258e-01
1.011176154857881954e-01,-6.786046017335188585e-02,-3.394328099579041469e-02,1.331555971097381774e-01,2.373746067198008736e-01,9.955663556143480586e-02,1.696418815967171978e-01,2.782801122978774133e-01,2.659005081720725583e-01,-7.925111780317095622e-02
1.025987111788307649e-01,-6.674345606221714078e-02,-6.059067511718445841e-03,1.145207213098478477e-01,2.253356055508400901e-01,8.242008835568868930e-02,2.155837309577091077e-01,2.551226167274005530e-01,7.840642803529108973e-02,-1.591663055969464169e-01
1.033824968797154853e-01,-6.651675500766730809e-02,1.397034776511937512e-02,8.034987638346936800e-02,1.879572191641614987e-01,4.489141811021021833e-02,2.800287839485521291e-01,1.546446680467768175e-01,-7.621147647144583571e-03,-9.329503638841339652e-02
1.038168207469346987e-01,-6.672582481315515734e-02,2.723704818146105433e-02,4.422861722289494341e-02,1.453412947469448768e-01,8.925530425416883240e-03,2.970011865214357005e-01,8.405661044199655429e-02,-1.005228132382520595e-01,-3.700862608517468955e-02
1.040670055452641296e-01,-6.705041523242941115e-02,3.579811079319161066e-02,1.326235954817030042e-02,1.080146190666285005e-01,-1.930661244847338073e-02,2.686152236999616583e-01,4.568794535158327702e-02,-1.811736711579389481e-01,-1.407836519715078942e-02
1.042152045462313853e-01,-6.735290530165692624e-02,4.128053005341875137e-02,-1.069643820794902167e-02,7.881349228624898173e-02,-3.991513868552320349e-02,2.175178174336865056e-01,2.490554636560921020e-02,-2.255184042463622140e-01,-1.771304372614867714e-02
1.043047816471705941e-01,-6.759239114519789704e-02,4.478749002751006292e-02,-2.820826622695307359e-02,5.726343839369420208e-02,-5.449801948560011045e-02,1.619227548328537880e-01,1.192709401116415387e-02,-2.333634938776414647e-01,-3.741579615183157626e-02
1.043597389962952482e-01,-6.776785844631338929e-02,4.703353485234029047e-02,-4.057835693509113939e-02,4.188827330269223603e-02,-6.466007508475705989e-02,1.116475211949160551e-01,2.219539449610919649e-03,-2.162349780505544994e-01,-6.367967489180471896e-02
1.043938362151890648e-01,-6.789107452797599196e-02,4.847487148703994581e-02,-4.912964650784331505e-02,3.114846130482954584e-02,-7.168210287453842533e-02,7.040234749905861789e-02,-5.956330732440398394e-03,-1.864767327073526548e-01,-8.950558356586704734e-02
1.044151704733314173e-01,-6.797551039405391737e-02,4.940176983435617952e-02,-5.495790938324105618e-02,2.375025646105797736e-02,-7.651238593545779676e-02,3.852917862185908232e-02,-1.318325972316128879e-02,-1.530505162565365951e-01,-1.107140634419147562e-01
1.044286028497761198e-01,-6.803259293107415118e-02,4.999904044531167796e-02,-5.889286673038469228e-02,1.870115933518091619e-02,-7.983022316521115602e-02,1.487250276716747983e-02,-1.965499885561926285e-02,-1.211556206860439633e-01,-1.254648185061457699e-01
1.044370972377641482e-01,-6.807095557061526581e-02,5.038460159964829044e-02,-6.153304716119447487e-02,1.527583959304687489e-02,-8.211354440119930653e-02,-2.177764516752265546e-03,-2.546838320161406988e-02,-9.317767994493339478e-02,-1.334977009941870352e-01
1.044424830732078036e-01,-6.809674795719759810e-02,5.063388616402324932e-02,-6.329779205584888657e-02,1.295955749159688648e-02,-8.369449991976579684e-02,-1.418690456902225658e-02,-3.071130778099565722e-02,-6.976656570244280098e-02,-1.354344482836761787e-01
1.044459006980373583e-01,-6.811420454230288080e-02,5.079527346063719001e-02,-6.447547681134023490e-02,1.139396812833474298e-02,-8.480173332700954858e-02,-2.248079611798464023e-02,-3.547664763803136390e-02,-5.065964872596263185e-02,-1.322764075105377080e-01
1.044480663301835394e-01,-6.812618132719981678e-02,5.089986051074610329e-02,-6.526197360700697336e-02,1.033280210614927544e-02,-8.559155942067334100e-02,-2.810516802354908611e-02,-3.985711179632103057e-02,-3.519532591333591337e-02,-1.251090194779842235e-01
1.044494330468307836e-01,-6.813458175703124287e-02,5.096769149522942244e-02,-6.578910181524189049e-02,9.608530099338407834e-03,-8.617015784170088677e-02,-3.184518430070763795e-02,-4.393553946135189681e-02,-2.263311994476103345e-02,-1.149148176447554598e-01
1.044502888260703949e-01,-6.814066217054613739e-02,5.101170762431090494e-02,-6.614509176235243426e-02,9.107941514329529961e-03,-8.660926246621748759e-02,-3.427463748504898378e-02,-4.778281904691157600e-02,-1.228080811873780848e-02,-1.025233363522767421e-01
1.044508172519123118e-01,-6.814524630584872789e-02,5.104026345744598625e-02,-6.638860497371784630e-02,8.755084416776002382e-03,-8.695699404436291191e-02,-3.580279392496073243e-02,-5.145604042883244328e-02,-3.557362771204226459e-03,-8.859930194354380395e-02
1.044511347592126660e-01,-6.814886730067071241e-02,5.105871076092528132e-02,-6.655810355356259200e-02,8.499775754295826533e-03,-8.724517645235124741e-02,-3.671296954271541235e-02,-5.499860406805682361e-02,3.987806933335799262e-03,-7.364645763381803822e-02
1.044513188699726924e-01,-6.815188740715816262e-02,5.107064944647993904e-02,-6.668016702269879969e-02,8.307032988039739219e-03,-8.749608963735755474e-02,-3.721437752105188901e-02,-5.844641493619490841e-02,1.073391896884314314e-02,-5.807747874053712650e-02
1.044514181608948294e-01,-6.815453518715561265e-02,5.107834905774445711e-02,-6.677178127157068488e-02,8.154348402775329213e-03,-8.772404502617842104e-02,-3.744540948116686918e-02,-6.182525274067664223e-02,1.695073234897252409e-02,-4.218653904666483379e-02
1.044514640480739553e-01,-6.815695975888401426e-02,5.108328008599646863e-02,-6.684414635293547957e-02,8.026812256711004373e-03,-8.793856801994832939e-02,-3.750158277218353792e-02,-6.515421797878792609e-02,2.283861474101808037e-02,-2.619254388074377868e-02
1.044514768646345459e-01,-6.815925816436770035e-02,5.108639178259682945e-02,-6.690460327796522721e-02,7.914619219258465024e-03,-8.814596536273203164e-02,-3.744846381060320389e-02,-6.844743735900729598e-02,2.854570223305205601e-02,-1.025962188353519294e-02
1.044514700154543507e-01,-6.816149162284808327e-02,5.108831294011897950e-02,-6.695782925247366346e-02,7.811432195428978653e-03,-8.835016526918215707e-02,-3.732531721006263070e-02,-7.171453574049484192e-02,3.416396657477194232e-02,5.500704124392854881e-03
1.044514535812905848e-01,-6.816370335799890046e-02,5.108948540734433580e-02,-6.700664894780378189e-02,7.713701858125384010e-03,-8.855339367957512642e-02,-3.714614087307791662e-02,-7.495597799108259796e-02,3.969266458077500004e-02,2.107073605859191220e-02
1.044514311851008764e-01,-6.816591119977101487e-02,5.109010080899105410e-02,-6.705308426070072381e-02,7.618257610797612815e-03,-8.875756653509302152e-02,-3.694416471846766886e-02,-7.818626900782175981e-02,4.527736715447790161e-02,3.628763915809746915e-02
1.044514057603027068e-01,-6.816812615827502753e-02,5.109029137091897904e-02,-6.709821257028138197e-02,7.523454470962961070e-03,-8.896357639661588157e-02,-3.673408334604123110e-02,-8.141210968254693203e-02,5.098399230421906542e-02,5.106775012973958916e-02
1.044513792056489671e-01,-6.817035206246094270e-02,5.109013447251944950e-02,-6.714251034850404753e-02,7.428543949113375691e-03,-8.917169059301920109e-02,-3.652241679725247436e-02,-8.463566790099648351e-02,5.685398140968972447e-02,6.535235884342871504e-02
1.044513524124377202e-01,-6.817258088920134795e-02,5.108966718414104102e-02,-6.718597940417544989e-02,7.333278913253909494e-03,-8.938123363401748178e-02,-3.631168010842627386e-02,-8.784700688504278043e-02,6.293092440762690365e-02,7.908812656480118664e-02
1.044513246688373587e-01,-6.817476015433010517e-02,5.108893086807318046e-02,-6.722793189899421706e-02,7.237613261439217877e-03,-8.958834141716351396e-02,-3.610118206212362124e-02,-9.098506563213204501e-02,6.930433109456277108e-02,9.220883268335854088e-02
1.044512879701384456e-01,-6.817660655558388516e-02,5.108815197932577157e-02,-6.726538587852695650e-02,7.140728250432094165e-03,-8.977398030734616563e-02,-3.588733368024141918e-02,-9.375289854088213193e-02,7.628797483517189837e-02,1.045575297698313061e-01
1.044511859830893480e-01,-6.817652570190609052e-02,5.108876259246631496e-02,-6.728443503771087963e-02,7.035739344712564972e-03,-8.984142314193957479e-02,-3.566596534265325386e-02,-9.478870637503314378e-02,8.520178762356195312e-02,1.155356228376800548e-01
1.044506297221266256e-01,-6.816534435196708319e-02,5.109965863056282337e-02,-6.721795026976075393e-02,6.882376191667429269e-03,-8.930327053874306809e-02,-3.545200847459853422e-02,-8.816340353329819857e-02,1.015041378315376802e-01,1.227358030214678042e-01
1.044469781343062981e-01,-6.809069159960251527e-02,5.117654414056581336e-02,-6.676514286596714476e-02,6.517580022241729540e-03,-8.585595104647532338e-02,-3.556943431946397310e-02,-5.074605657872784115e-02,1.441858814280910506e-01,1.184262119437550637e-01
1.044232550501830309e-01,-6.767218115048174998e-02,5.166412835633473616e-02,-6.486478856743371768e-02,5.920807837814995485e-03,-7.048069145634343335e-02,-4.035749364457960620e-02,8.056914012014677884e-02,2.436897362409877477e-01,8.891057774234556454e-02
1.042916368049839754e-01,-6.577354888467705496e-02,5.427056356635706624e-02,-6.002345128408147906e-02,1.166702228327355997e-02,-2.666968319944752752e-02,-8.784789532475072160e-02,2.548331798971100182e-01,1.628834618282211655e-01,2.234247765771309527e-02
1.039226031741305317e-01,-6.186928278422717392e-02,5.856708875942284731e-02,-5.717910146095863538e-02,1.167585953844526084e-02,1.741021567794976896e-02,-1.095302821108211644e-01,2.804386224467744215e-01,3.735419212807807726e-02,6.229993540349020031e-02
1.034360104952831011e-01,-5.741844725082125012e-02,6.205844903228322634e-02,-5.611853860913104675e-02,2.282593837948371576e-03,4.625857872822179695e-02,-9.703589050090165313e-02,2.474955586346780645e-01,7.439038593059284221e-03,1.183163346580018843e-01
1.028890611008801831e-01,-5.280141635352886276e-02,6.451199261283159514e-02,-5.491639565169315063e-02,-1.034399811304623565e-02,6.594653629191395139e-02,-8.220884233221405213e-02,2.098246191942939043e-01,-5.499802508295189608e-03,1.403148099569040685e-01
1.023068483793057315e-01,-4.812511909643513164e-02,6.614255513371025685e-02,-5.266692915838765143e-02,-2.285133393745577071e-02,8.095321177473074892e-02,-7.284628364071099593e-02,1.773529581942688282e-01,-1.537639554415910770e-02,1.395891381466575210e-01
1.017013993588474358e-01,-4.342930522961391260e-02,6.716900707820684657e-02,-4.921781399158326603e-02,-3.408423646712420430e-02,9.338369037528250483e-02,-6.746430079949425340e-02,1.494984843450236078e-01,-2.086886602787420275e-02,1.282693190861810273e-01
1.010789508515744506e-01,-3.873364575228236545e-02,6.774915626383475054e-02,-4.472724039683966674e-02,-4.383013180939080572e-02,1.041055907391185836e-01,-6.357828975500250113e-02,1.247695080223849423e-01,-2.181715666946285048e-02,1.128925240334076457e-01
1.004429317319100734e-01,-3.405006470957931686e-02,6.798768044916757292e-02,-3.942983437901895899e-02,-5.219821530778934182e-02,1.134415787375511742e-01,-5.964970507452670850e-02,1.022771025294896968e-01,-1.964013230692741169e-02,9.674388437086027526e-02
9.979531795100174407e-02,-2.938671090994639939e-02,6.795262861961066936e-02,-3.354420182409375423e-02,-5.937273949924461863e-02,1.214962948313145358e-01,-5.504429324762145220e-02,8.159969102032668675e-02,-1.596901571101982248e-02,8.142364953431036056e-02
9.913729903536484811e-02,-2.474958512828549784e-02,6.768855048056750257e-02,-2.724668294689858161e-02,-6.552753111538189845e-02,1.282999557627122755e-01,-4.965275838685989651e-02,6.255280260899270806e-02,-1.200828548829423886e-02,6.768901939519364475e-02
9.846962785208385194e-02,-2.014339391167797866e-02,6.722539503625178658e-02,-2.067185650518607934e-02,-7.080462517772478925e-02,1.338661974860493598e-01,-4.360109254312676680e-02,4.504826310966139613e-02,-8.470964521914708598e-03,5.586272595360962379e-02
9.779281007388611335e-02,-1.557204206324877722e-02,6.658419529637996104e-02,-1.392085781675328482e-02,-7.531381299175325672e-02,1.382130431033569140e-01,-3.708650632158814325e-02,2.903512827865015883e-02,-5.731094532426072793e-03,4.604956083883643414e-02
9.710721013351528152e-02,-1.103894404169384821e-02,6.578055704713667295e-02,-7.070252125167822248e-03,-7.913884127500142585e-02,1.413686264027456674e-01,-3.029720405092128227e-02,1.447235500043649384e-02,-4.002200226859608384e-03,3.826713581896715177e-02
9.641311053822378130e-02,-6.547209431256486266e-03,6.482678415290109297e-02,-1.791046478362669702e-04,-8.234357721177405776e-02,1.433719567160822439e-01,-2.337824095655973572e-02,1.327017764513222908e-03,-3.460485696413902364e-03,3.256289957217146230e-02
9.571074501942260226e-02,-2.099756030199669086e-03,6.373313706506994469e-02,6.706135983762663566e-03,-8.497676039026542949e-02,1.442721791419149524e-01,-1.641496240295257578e-02,-1.042662286991652247e-02,-4.321521238005256171e-03,2.915575264516599707e-02
9.500032616169505617e-02,2.300510077302242700e-03,6.250846118275318886e-02,1.354769096110154149e-02,-8.707596768088489425e-02,1.441225655757238100e-01,-9.428739964016679201e-03,-2.083219535638105094e-02,-7.054517614206251563e-03,2.820756590704530387e-02
9.428213268371594957e-02,6.650130376600592481e-03,6.116125091862384400e-02,2.031067350256398826e-02,-8.866580390147106583e-02,1.429672059414305585e-01,-2.425630359054375875e-03,-3.001773944853511344e-02,-1.277482579855526018e-02,2.932347168240872007e-02
9.355718589665083795e-02,1.094231668873239978e-02,5.971018094033680307e-02,2.693831571028309363e-02,-8.970746454273682835e-02,1.408360083360141179e-01,4.167167793614002039e-03,-3.844762959074143893e-02,-2.127616039189010599e-02,2.918657924757603675e-02
9.283129250537040800e-02,1.517153484255201294e-02,5.821800124100809382e-02,3.350141600860685048e-02,-9.021823550486837706e-02,1.387326482315357212e-01,5.475878565640163176e-03,-4.911712993922530412e-02,1.383103624902823348e-02,-4.238508403757967891e-02
9.210783141070746916e-02,1.935840936169045887e-02,5.682269692000581351e-02,3.994781701481906616e-02,-9.085449563319421273e-02,1.368597997502432329e-01,-5.167490537663487794e-03,-7.428758485617299734e-02,1.749672708707430968e-01,-2.656230789816787508e-01
9.136662304133934265e-02,2.349275662511384269e-02,5.520153387772538250e-02,4.608574667893653581e-02,-9.131761205860239317e-02,1.330847536851685331e-01,-1.047343343715258744e-02,-9.477750787535438315e-02,2.891971628204920153e-01,-4.090582877830120090e-01
9.062316565818819003e-02,2.754504425652808813e-02,5.347117826364229665e-02,5.181529627676535743e-02,-9.053468661746333357e-02,1.264391225012195807e-01,-1.316750623287285885e-02,-9.857316906841975812e-02,2.868138252469898397e-01,-4.035169306706614112e-01
8.988822128977924653e-02,3.155411717437484054e-02,5.193132748835228851e-02,5.741960732832349784e-02,-8.795262772866879741e-02,1.153383664159599170e-01,6.972490596635436827e-03,-6.795022582230499097e-02,3.012261498715443700e-02,-1.010841458223473016e-01
8.913188823088316615e-02,3.550054738154289485e-02,5.020338370239322417e-02,6.264212091076179489e-02,-8.664954253671597328e-02,1.067920143150319495e-01,1.845444951205170783e-02,-6.006176690660898487e-02,-4.222754670013263018e-02,-5.483390530196908391e-03
8.836248331636251119e-02,3.937284916805403046e-02,4.828302484355295049e-02,6.761681505076973242e-02,-8.545059717620510920e-02,9.856516625229162776e-02,2.485870705310277984e-02,-5.847951830894546760e-02,-6.369100913990610735e-02,2.334778988930480068e-02
8.758379110669556322e-02,4.317090333892006915e-02,4.622672744177751952e-02,7.239279279502117137e-02,-8.398666333324257549e-02,9.022117443440920426e-02,2.858845293642088212e-02,-5.792626419724514197e-02,-6.993128212483300243e-02,3.213326325201304456e-02
8.679752728345535573e-02,4.689395471946748023e-02,4.407632989051805256e-02,7.694665606764727883e-02,-8.220150659980722530e-02,8.165039534287941991e-02,3.097962853178431661e-02,-5.710895820901265574e-02,-7.090238517558800080e-02,3.509781312653745960e-02
8.600455863263210821e-02,5.054003239328482694e-02,4.185835397972741817e-02,8.123431019173626977e-02,-8.012610476767215162e-02,7.283869201571407936e-02,3.263145659402322957e-02,-5.576157780594130642e-02,-6.971472982703051657e-02,3.649369566471542814e-02
8.520537783701448431e-02,5.410673691043450806e-02,3.958971828653577718e-02,8.521509460098319888e-02,-7.780599304214640133e-02,6.380688163259709555e-02,3.376894447510656039e-02,-5.387279684200058094e-02,-6.753009526074646440e-02,3.729352921271167354e-02
8.440029971317730695e-02,5.759166321749866618e-02,3.728217112948812445e-02,8.885712662853305355e-02,-7.528103241448708127e-02,5.459448959497149173e-02,3.446990484112787134e-02,-5.147902116953802926e-02,-6.479400842897035939e-02,3.777125535522258409e-02
8.358955363346387557e-02,6.099247694801742531e-02,3.494465926702282343e-02,9.213629395137973299e-02,-7.258345410654051810e-02,4.525073443591327155e-02,3.475742290053044498e-02,-4.863048319453120577e-02,-6.168593794053597174e-02,3.798180765955566640e-02
8.277332682717766787e-02,6.430695132902328193e-02,3.258458316242150016e-02,9.503460803339218443e-02,-6.973973263634930531e-02,3.582924330461389334e-02,3.464283334832258393e-02,-4.537824243080992165e-02,-5.828318200107781427e-02,3.794969500141914115e-02
8.195178447526442478e-02,6.753296367292534186e-02,3.020845542174770831e-02,9.753854466377832877e-02,-6.677212277205354929e-02,2.638529247417914503e-02,3.413861614920452731e-02,-4.177327054521195321e-02,-5.462435213452018767e-02,3.769090255873070588e-02
8.112507909471185219e-02,7.066848822683660658e-02,2.782223490202102162e-02,9.963780108727784968e-02,-6.369972548019597891e-02,1.697370003630307295e-02,3.326025157152424916e-02,-3.786897999884819566e-02,-5.074624379325095441e-02,3.719774768120711478e-02
8.029335530649074626e-02,7.371159344613337217e-02,2.543149538239487112e-02,1.013247037141272872e-01,-6.053938992752965625e-02,7.648292114402862295e-03,3.202753208261186618e-02,-3.371867953024826337e-02,-4.668440891830705902e-02,3.645499993931068661e-02
7.945675197589305294e-02,7.666044047296462216e-02,2.304150571916068271e-02,1.025938170301348984e-01,-5.730641649985909747e-02,-1.538559586183596561e-03,3.046494536446561416e-02,-2.937307807733563481e-02,-4.247209849071444804e-02,3.546324654141715799e-02
7.861540336373468163e-02,7.951328442194668944e-02,2.065727433972065069e-02,1.034417038673276362e-01,-5.401475142859868406e-02,-1.053639303754745800e-02,2.859996162899082484e-02,-2.488088937385083549e-02,-3.814488951420590829e-02,3.422622062545345456e-02
7.776943967315569362e-02,8.226847534226169878e-02,1.828357136068093497e-02,1.038667602611753199e-01,-5.067716913455475730e-02,-1.929703535115363799e-02,2.646219490936901203e-02,-2.028983406890019422e-02,-3.373999315426910728e-02,3.274681515677405064e-02
7.691898749832951077e-02,8.492446080042555245e-02,1.592494317259906395e-02,1.038691333470360412e-01,-4.730558132749432265e-02,-2.777462480570134715e-02,2.408287132659443774e-02,-1.564395075685526618e-02,-2.929076609921103802e-02,3.104338679938314915e-02
7.606416959665038280e-02,8.747978940364739553e-02,1.358570140892610689e-02,1.034507655615977129e-01,-4.391112473487862600e-02,-3.592569386498399575e-02,2.149668409062165803e-02,-1.098125993307087593e-02,-2.482829801096188629e-02,2.916894444503908418e-02
7.520510539189784183e-02,8.993311223305890112e-02,1.126994406655522536e-02,1.026152350628227461e-01,-4.050409051759618767e-02,-4.370954725733772889e-02,1.873851715145160787e-02,-6.337459722938444499e-03,-2.038184245881228748e-02,2.717729006439704650e-02
7.434191102664718109e-02,9.228318418990277827e-02,8.981561903321182497e-03,1.013676412673592958e-01,-3.709364667878294053e-02,-5.108885754989353489e-02,1.584200066131136869e-02,-1.750939561436417507e-03,-1.598927511352299380e-02,2.508433088138097358e-02
7.347469953495475159e-02,9.452886673887424263e-02,6.724240753601435847e-03,9.971461369358004811e-02,-3.368808563773462161e-02,-5.802947304271548201e-02,1.284034635853139629e-02,2.741195354505517046e-03,-1.169222009916126744e-02,2.289568384223421293e-02
7.260358073505980558e-02,9.666912975912744788e-02,4.501455341566699964e-03,9.766428267185026102e-02,-3.029518558256481114e-02,-6.450031920420525033e-02,9.766276619803410802e-03,7.105632564172520080e-03,-7.521765781858436202e-03,2.062929018150459065e-02
7.172866153042956050e-02,9.870305301033842349e-02,2.316479647297845293e-03,9.522623984432773692e-02,-2.692215386348750100e-02,-7.047346732724274476e-02,6.652458369289187753e-03,1.131332913979850655e-02,-3.506132968594255928e-03,1.831583424438330832e-02
7.085004595623013712e-02,1.006298266632654620e-01,1.723906849674904367e-04,9.241144764164258008e-02,-2.357556935628179681e-02,-7.592439811972878649e-02,3.530576380277519657e-03,1.533710973485465090e-02,3.272817040831966519e-04,1.598201993528857931e-02
6.996783532626531243e-02,1.024487525523214149e-01,-1.927926170545208543e-03,8.923218717328604277e-02,-2.026142627609574601e-02,-8.083200997260747700e-02,4.308838178412539898e-04,1.915229288813639560e-02,3.952437110636362536e-03,1.365104878665184332e-02
6.908212831785630337e-02,1.041592440947417542e-01,-3.981772581602169812e-03,8.570197798669935974e-02,-1.698522942905575026e-02,-8.517869758687089676e-02,-2.617577556730557326e-03,2.273663494701894799e-02,7.346923654193813699e-03,1.134522512492453991e-02
6.819302119679189478e-02,1.057608266006934139e-01,-5.986629351719054311e-03,8.183551409389931697e-02,-1.375204692646669197e-02,-8.895028932865783888e-02,-5.587712782102564890e-03,2.607055827733047518e-02,1.049256178746717054e-02,9.084237312858229121e-03
6.730060762475652270e-02,1.072531377145987258e-01,-7.940162648960925537e-03,7.764863545475042539e-02,-1.056649214864521617e-02,-9.213610719179272934e-02,-8.453787777466829564e-03,2.913736776343403209e-02,1.337067894726069565e-02,6.891040451005548198e-03
6.640497905048697858e-02,1.086359263167766681e-01,-9.840208123129320569e-03,7.315821797422657202e-02,-7.432809813557547142e-03,-9.472889825723339319e-02,-1.119219127584726060e-02,3.192294852231013919e-02,1.596700081239845262e-02,4.784905591232079675e-03
6.550622472196569734e-02,1.099090515161982584e-01,-1.168476866747726432e-02,6.838209638033905524e-02,-4.354901825480366785e-03,-9.672486192663007354e-02,-1.378135663668748380e-02,3.441534736717983406e-02,1.827045167792789790e-02,2.782112624284055220e-03
6.460443181954375613e-02,1.110724818154982807e-01,-1.347200813297079816e-02,6.333899169740296597e-02,-1.336335418945755167e-03,-9.812357630329887614e-02,-1.620215461827047981e-02,3.660485165151512038e-02,2.027263569005284191e-02,8.928891879592052837e-04
6.369968551276349034e-02,1.121262934759432450e-01,-1.520024761436209425e-02,5.804843770198504088e-02,1.619590329462843904e-03,-9.892792223027492560e-02,-1.843741336935475483e-02,3.848417380465214005e-02,2.196771417913078936e-02,-8.729020730073973810e-04
6.279206909368541256e-02,1.130706691864729885e-01,-1.686795916445650925e-02,5.253071594724074284e-02,4.509781994554472664e-03,-9.914389719074113982e-02,-2.047186607295770761e-02,4.004945419716186839e-02,2.335341887767578353e-02,-2.500126003565300917e-03
6.188166394025015893e-02,1.139058955894256125e-01,-1.847376442412205014e-02,4.680675256640181442e-02,7.331332522629109560e-03,-9.878060768758481491e-02,-2.229294395565509582e-02,4.129857989625091569e-02,2.443355529169551760e-02,-3.977829204607851929e-03
6.096854975713793257e-02,1.146323628139106904e-01,-2.001642480109407096e-02,4.089805370299486736e-02,1.008158732031318866e-02,-9.785025727595980660e-02,-2.389048446695703556e-02,4.223113660528940438e-02,2.521209832534514195e-02,-5.302647974797921812e-03
6.005280454523653777e-02,1.152505622378784816e-01,-2.149483865640424221e-02,3.482661964482084566e-02,1.275806062115666939e-02,-9.636801316595804134e-02,-2.525640658167573396e-02,4.284911544918629245e-02,2.569508323095739954e-02,-6.472226131842032278e-03
5.913450461687553422e-02,1.157610761102606245e-01,-2.290803415424624498e-02,2.861481115820883880e-02,1.535839456068686416e-02,-9.435136923011663845e-02,-2.638472343102649109e-02,4.315668079567062249e-02,2.589171394802150875e-02,-7.482040694328563092e-03
5.821372476261248846e-02,1.161645832532448436e-01,-2.425516650317022932e-02,2.228532674364122959e-02,1.788034595470832169e-02,-9.182051223249282357e-02,-2.727162283676603724e-02,4.315986679135132287e-02,2.581396762034156300e-02,-8.329238309528468054e-03
5.729053824124712840e-02,1.164618544568270242e-01,-2.553551488192884467e-02,1.586112784149458499e-02,2.032184718611252522e-02,-8.879803451041085038e-02,-2.791537840381714403e-02,4.286642338823634657e-02,2.547475792505051254e-02,-9.014422464190065959e-03
5.636501685567098241e-02,1.166537484655041368e-01,-2.674847516880493950e-02,9.365322862375392160e-03,2.268093706990587793e-02,-8.530877494832864172e-02,-2.831633374311200158e-02,4.228538289736222949e-02,2.488911862692870167e-02,-9.541556500276805741e-03
5.543723101616102045e-02,1.167412087456923681e-01,-2.789355516176065045e-02,2.821094089435699850e-03,2.495575505616037110e-02,-8.137958437017397961e-02,-2.847687598632157174e-02,4.142732581650569734e-02,2.407386676526339017e-02,-9.917010399566416820e-03
5.450724970438843714e-02,1.167252599360804055e-01,-2.897037192490859586e-02,-3.748390637147846517e-03,2.714451512778599807e-02,-7.703918559144203038e-02,-2.840123155607165994e-02,4.030421771135873910e-02,2.304642260429435457e-02,-1.014726464172972971e-02
5.357514058131757073e-02,1.166070051115307288e-01,-2.997864648722985137e-02,-1.032007641386189535e-02,2.924553504363520962e-02,-7.231789737758569092e-02,-2.809536250329882148e-02,3.892916300144946828e-02,2.182572653200226531e-02,-1.024165163559209203e-02
5.264096996202815432e-02,1.163876211208643430e-01,-3.091820001144586147e-02,-1.687106545652739334e-02,3.125722835016290363e-02,-6.724752581242170180e-02,-2.756684320053963758e-02,3.731604809243933146e-02,2.043101842809523505e-02,-1.021252995396808305e-02
5.170480284450201802e-02,1.160683543843397669e-01,-3.178895241721240578e-02,-2.337859812806993356e-02,3.317778690973854222e-02,-6.186084680992020440e-02,-2.682332727698977584e-02,3.548422217203565932e-02,1.889026872138161242e-02,-1.003785600661146263e-02
5.076670292125393807e-02,1.156505192258311110e-01,-3.259091831230941788e-02,-2.982026548864954302e-02,3.500542349643685769e-02,-5.619158235945957702e-02,-2.587364893348535408e-02,3.345427649379421886e-02,1.723413069552584900e-02,-9.691325706681701638e-03
4.982673267701800274e-02,1.151354925420094294e-01,-3.332419096827590049e-02,-3.617417322873887897e-02,3.673902890301367075e-02,-5.027500518315081157e-02,-2.473098786092779028e-02,3.123880343526774794e-02,1.547640263886023403e-02,-9.221280849726433415e-03
4.888495329369010184e-02,1.145247108994329743e-01,-3.398895017861490453e-02,-4.241888753480580615e-02,3.837759338461765868e-02,-4.414706388416437394e-02,-2.340949434281166738e-02,2.885073053603780593e-02,1.362990586387603092e-02,-8.678085427947191885e-03
4.794142473464445969e-02,1.138196671442849861e-01,-3.458546044355641225e-02,-4.853345274281331556e-02,3.991987022405996816e-02,-3.784379037880372665e-02,-2.192280079030482429e-02,2.630794207328860171e-02,1.171622101368501555e-02,-8.075620323024446101e-03
4.699620571236152317e-02,1.130219064359636871e-01,-3.511406504523142263e-02,-5.449751200750378027e-02,4.136467897728764165e-02,-3.140148207686295490e-02,-2.028527433244951134e-02,2.362867435872569033e-02,9.756823346681164216e-03,-7.427126106662315305e-03
4.604935371887410034e-02,1.121330228939238782e-01,-3.557518407052160520e-02,-6.029134023038465462e-02,4.271074412303092760e-02,-2.485630447744855212e-02,-1.851112142314246742e-02,2.083404130703423243e-02,7.777250211809439220e-03,-6.724919778575955652e-03
4.510092502627952027e-02,1.111546570526475569e-01,-3.596931271059792407e-02,-6.589588870521238817e-02,4.395668730753076597e-02,-1.824415358677652227e-02,-1.661407148407754650e-02,1.794791698693177368e-02,5.807771436313822512e-03,-5.939042379852437110e-03
4.415097471706293242e-02,1.100884914964442712e-01,-3.629701384573979367e-02,-7.129289453406414956e-02,4.510126044673778978e-02,-1.160071044168474799e-02,-1.460859887590676073e-02,1.499352581390344177e-02,3.876765449473249317e-03,-5.045903729755447063e-03
4.319955660566201366e-02,1.089362444967996446e-01,-3.655891384464968891e-02,-7.646497866560460210e-02,4.614348387212725139e-02,-4.961283124840502011e-03,-1.251019010606914221e-02,1.199139011005900292e-02,2.006249974202724447e-03,-4.042025622151090500e-03
4.224672339086471551e-02,1.076996708487343163e-01,-3.675569555169327235e-02,-8.139570448867701480e-02,4.708285383343396857e-02,1.638879467573161382e-03,-1.033660642619374861e-02,8.956265228059097361e-03,2.068729654063761593e-04,-2.972237916299293788e-03
4.129252658212029248e-02,1.063805575193049607e-01,-3.688809844385970704e-02,-8.606961007792138241e-02,4.791924398846741234e-02,8.164927159610554583e-03,-8.107050639145498006e-03,5.898500836149208996e-03,-1.519804628890304449e-03,-1.915481161404407546e-03
4.033701651399471816e-02,1.049807211098239546e-01,-3.695692284802745697e-02,-9.047214644104918657e-02,4.865237414269597827e-02,1.458320730272043286e-02,-5.839310989750220483e-03,2.831935338307558885e-03,-3.166386982504886677e-03,-9.191875033805590447e-04
3.938024233218777315e-02,1.035020047084470735e-01,-3.696302837975144057e-02,-9.458971356278585152e-02,4.928178517335859293e-02,2.086142033656206846e-02,-3.549483053015834323e-03,-2.258615111843758055e-04,-4.719013727210563669e-03,4.812895289238922022e-06
3.842225203721770510e-02,1.019462749610832997e-01,-3.690732698110959359e-02,-9.840974043094223578e-02,4.980708115694155308e-02,2.696846540113204821e-02,-1.253138755828155267e-03,-3.257039908284496427e-03,-6.163977867861034077e-03,8.505158146282738385e-04
3.746309246194817755e-02,1.003154191063047457e-01,-3.679078027461662320e-02,-1.019207257472202199e-01,5.022799698108237898e-02,3.287446066588959465e-02,1.034550094197200570e-03,-6.244559606184304362e-03,-7.489773658063761386e-03,1.610232458822973391e-03
3.650280931744415147e-02,9.861134244215048750e-02,-3.661439652597009431e-02,-1.051122649182286567e-01,5.054439017474998685e-02,3.855086632716895473e-02,3.298695122501605573e-03,-9.172049056491290639e-03,-8.687195698243692019e-03,2.275064374121948084e-03
3.554144717033191209e-02,9.683596593081965354e-02,-3.637923048616348992e-02,-1.079750577042688925e-01,5.075619976589339916e-02,4.397065375987297547e-02,5.525155237065549826e-03,-1.202323156356246633e-02,-9.747823929561388878e-03,2.841611811688170199e-03
3.457904948227626118e-02,9.499122361636114231e-02,-3.608637964499585016e-02,-1.105009284087954541e-01,5.086345852008442026e-02,4.910836760693485653e-02,7.700621252052742768e-03,-1.478194950798753828e-02,-1.066419844615581342e-02,3.310183662604938761e-03
3.361565858386138944e-02,9.307906005744441547e-02,-3.573698182929036654e-02,-1.126828602428443932e-01,5.086634789894255160e-02,5.394012647878292793e-02,9.812257414537121220e-03,-1.743324953338214536e-02,-1.143170653328264702e-02,3.678241062285315856e-03
3.265131570836037750e-02,9.110142842467758295e-02,-3.533221293670719271e-02,-1.145150017443378881e-01,5.076521106684035722e-02,5.844368240384150565e-02,1.184763583795819808e-02,-1.996343659355574382e-02,-1.204909046767767278e-02,3.938539554038058936e-03
3.168606094911124299e-02,8.906028752629771561e-02,-3.487328626506037282e-02,-1.159926710796703730e-01,5.056053800844365759e-02,6.259849772404819934e-02,1.379506469877976420e-02,-2.235951823253331389e-02,-1.251695683333109606e-02,4.082396462340672112e-03
3.071993329661014752e-02,8.695760023584757359e-02,-3.436145146500980962e-02,-1.171123417842892395e-01,5.025287108919700846e-02,6.638594450795029522e-02,1.564389073315416642e-02,-2.460821659975291967e-02,-1.283595883334777074e-02,4.110435549090727704e-03
2.975297054733289440e-02,8.479533195986532768e-02,-3.379799605430826998e-02,-1.178716463686153293e-01,4.984279544606544377e-02,6.978935042991882276e-02,1.738432451386813168e-02,-2.669620979004992331e-02,-1.300932677918044574e-02,4.032778793269957418e-03
2.878520930020738583e-02,8.257544643254823014e-02,-3.318424106255213335e-02,-1.182694001423574837e-01,4.933106928711508687e-02,7.279396302979068700e-02,1.900703821693700696e-02,-2.861136466548896279e-02,-1.304288848390171285e-02,3.855382049978852300e-03
2.781668498497480435e-02,8.029990358424417274e-02,-3.252153931668814307e-02,-1.183055850310969215e-01,4.871863842731949390e-02,7.538705655125318983e-02,2.050345637908517621e-02,-3.034306754559159755e-02,-1.294435827249797340e-02,3.581065134071981411e-03
2.684743178716438375e-02,7.797065961808039014e-02,-3.181127823402010030e-02,-1.179813254193184668e-01,4.800657826224855040e-02,7.755790671443330009e-02,2.186550934561722753e-02,-3.188136843215336191e-02,-1.272373739292442796e-02,3.213819267617855531e-03
2.587748261705168779e-02,7.558966250141405108e-02,-3.105487925828975468e-02,-1.172988701245204907e-01,4.719609993331342485e-02,7.929807805686601985e-02,2.308576891356451874e-02,-3.321726173333516829e-02,-1.239266394693794640e-02,2.759614999530149264e-03
2.490686892896801577e-02,7.315885141295111471e-02,-3.025380265208693284e-02,-1.162615724020742286e-01,4.628856817717393740e-02,8.060134653451846154e-02,2.415720511412564747e-02,-3.434254651456390001e-02,-1.196320585983114311e-02,2.226969459161261180e-03
2.393562061135609889e-02,7.068014946840782409e-02,-2.940954498297576603e-02,-1.148739299198110186e-01,4.528554046531759608e-02,8.146394645877656771e-02,2.507358633273657628e-02,-3.525017313988040163e-02,-1.144938471159095278e-02,1.625038333843735298e-03
2.296376621346266425e-02,6.815546378748503498e-02,-2.852363519189753810e-02,-1.131415070165706638e-01,4.418880772920246586e-02,8.188474159354562631e-02,2.583006953349292756e-02,-3.593448311971295106e-02,-1.086724678911777861e-02,9.635790459865821618e-04
2.199132908976104278e-02,6.558670679430685102e-02,-2.759782586707634072e-02,-1.110691862765408600e-01,4.300239318234550662e-02,8.186612064788234555e-02,2.643635309028829691e-02,-3.638777401085031143e-02,-1.026936282124924632e-02,2.920002843848017822e-04
2.101831361779959995e-02,6.297583547728217990e-02,-2.663461410461972698e-02,-1.086595406861403379e-01,4.173409042944219161e-02,8.141555106023826149e-02,2.688865601596715504e-02,-3.662407789581042378e-02,-9.496190999072777472e-03,-5.457058262585033018e-04
2.004480075888946319e-02,6.032393727531636801e-02,-2.563247606168687215e-02,-1.059483980669874564e-01,4.035623672595346073e-02,8.054316092161582785e-02,2.700866480322828764e-02,-3.668485330264583538e-02,-8.302849366408257201e-03,-1.787605303027763742e-03
1.907080148463112870e-02,5.763366235090289919e-02,-2.459451275017203800e-02,-1.029253557997303337e-01,3.889294943359863227e-02,7.923317278416318332e-02,2.705204163122183758e-02,-3.638727970078040053e-02,-8.168052371148525406e-03,-1.876460793777768492e-03
1.809634349085285573e-02,5.490762762790056539e-02,-2.352314446939787057e-02,-9.958861597944421162e-02,3.735213262847594112e-02,7.747127267183845367e-02,2.694401143236915819e-02,-3.586243787832394531e-02,-7.720394513058238470e-03,-2.452402226655484973e-03
1.712142308273031585e-02,5.214681028312678768e-02,-2.242015607539547817e-02,-9.595780113652829790e-02,3.573546319972162322e-02,7.531088624926700337e-02,2.666848123254268038e-02,-3.512961402274524664e-02,-7.115142746739389588e-03,-3.250357393723022226e-03
1.614605030579503026e-02,4.935286015698728962e-02,-2.128743886972685184e-02,-9.204700960653870723e-02,3.404488313217873818e-02,7.277272397725344233e-02,2.621217362772107137e-02,-3.417879955683189586e-02,-6.515366735880767646e-03,-4.031299361650433899e-03
1.517023898709322222e-02,4.652748853829013348e-02,-2.012689251181374803e-02,-8.786902615744876521e-02,3.228464994774214031e-02,6.987904523407466317e-02,2.557633540525774962e-02,-3.301897488356518584e-02,-5.936182007501118567e-03,-4.757577530558187474e-03
1.419400207635113445e-02,4.367239518413319060e-02,-1.894044658635247666e-02,-8.343723713989206758e-02,3.045937766062720847e-02,6.665426957372136418e-02,2.476453710608837386e-02,-3.166071027008941774e-02,-5.392527185058071555e-03,-5.399073157721595226e-03
1.321735178557680197e-02,4.078926930997246736e-02,-1.773006754813493194e-02,-7.876537910873443460e-02,2.857436102666888883e-02,6.312508507012490333e-02,2.378231908634904218e-02,-3.011851507410072751e-02,-4.873376316399278749e-03,-5.957362877583086830e-03
1.224029977633752514e-02,3.787977582312716807e-02,-1.649773441345458308e-02,-7.386782888315657214e-02,2.663525039303095768e-02,5.932109622375043856e-02,2.263784123674527846e-02,-2.840982534727395231e-02,-4.371832816236286869e-03,-6.418634235343972060e-03
1.126285772130249802e-02,3.494557234631812115e-02,-1.524543415148409131e-02,-6.875961847868042320e-02,2.464783264813006844e-02,5.527339564653626497e-02,2.134062847824039558e-02,-2.655061539259697193e-02,-3.906567312328282707e-03,-6.734511502722790796e-03
1.028503843426680289e-02,3.198835285455682576e-02,-1.397513808792883068e-02,-6.345588289491620182e-02,2.261780401456594050e-02,5.101288386500501398e-02,1.990254090513486618e-02,-2.456021215438285860e-02,-3.471316318991972925e-03,-6.909861243652324660e-03
9.306856718365475248e-03,2.900983905594761020e-02,-1.268878560890053346e-02,-5.797195434271600056e-02,2.055102052265176532e-02,4.657020390267924137e-02,1.833879825753671061e-02,-2.245784163073720127e-02,-3.066512802996313077e-03,-6.945945929467184886e-03
8.328329855939130971e-03,2.601175374981135047e-02,-1.138825829463581060e-02,-5.232388281788687145e-02,1.845343850934000329e-02,4.197597518464554062e-02,1.666285171653357836e-02,-2.026196679271038623e-02,-2.691358848824703266e-03,-6.823867899707222739e-03
7.349477687590990314e-03,2.299584879620114250e-02,-1.007537528169991613e-02,-4.652733056850955062e-02,1.633073842815083512e-02,3.725940350495474812e-02,1.489011665488955763e-02,-1.799184911048760591e-02,-2.345245696859399754e-03,-6.532407724569855127e-03
6.370324332955489693e-03,1.996397288835468839e-02,-8.751883926465035130e-03,-4.059832594667451416e-02,1.418810194522785069e-02,3.244544864096666342e-02,1.303562675783426911e-02,-1.566313920803484236e-02,-2.027327015648060747e-03,-6.077663006235882112e-03
5.390895183131712634e-03,1.691805695864700976e-02,-7.419446936617571375e-03,-3.455555929550158806e-02,1.202720034484486104e-02,2.755145549460952942e-02,1.109444205320495209e-02,-1.326179996182712956e-02,-1.934664321506606713e-03,-5.190226724862256197e-03
4.411228852302819144e-03,1.386047218327591223e-02,-6.079667639444975673e-03,-2.841354236139104900e-02,9.849503719534769344e-03,2.257235067978625651e-02,9.059881882016070087e-03,-1.076420798406606781e-02,-2.191307287417917134e-03,-3.711705395016055495e-03
3.431378529632665535e-03,1.079290725150826649e-02,-4.733654413332140549e-03,-2.218393183008618777e-02,7.671180618278125411e-03,1.756032980628222800e-02,7.037030155337617443e-03,-8.318819461724451941e-03,-1.938342187004425416e-03,-2.872414907702373985e-03
2.451317982262915703e-03,7.716638630772969937e-03,-3.383827358576817820e-03,-1.590109515601957971e-02,5.474427038469349693e-03,1.255548944074678930e-02,4.658079200661362392e-03,-6.086642836297339286e-03,2.093753279974781703e-04,-3.823105492695742097e-03
1.471063673356204230e-03,4.632857668009938805e-03,-2.033015497927869505e-03,-9.552175145665857403e-03,3.329974585756565950e-03,7.669264982074362226e-03,2.862415858013450751e-03,-3.706461308903457371e-03,-3.349879375100181950e-05,-2.245710525624911805e-03
4.908685328680627074e-04,1.547861102896469325e-03,-6.770697780139141222e-04,-3.170210085007672905e-03,1.153926599006317635e-03,2.606507497309055576e-03,8.908624787277541306e-04,-1.215161898386915400e-03,-1.712004064299858179e-04,-9.500611011164199074e-04
