-7.065332356044028150e-02,9.400738826922833136e-02,1.215649677297032105e-01,-9.545159441574278814e-02,1.287236229464612525e-01,-1.950627626844880433e-02,8.515168836569349253e-02,-5.107653170706158430e-02,-1.044387069159110615e-01,-5.163827303628969190e-02
-7.065340827301165583e-02,9.389120703444427118e-02,1.215654787343542070e-01,-9.521420674709321630e-02,1.282615539203381672e-01,-1.956940050042817875e-02,8.454616918330722097e-02,-5.043109852289858613e-02,-1.037466471601398987e-01,-5.064620726550329161e-02
-7.065360567934005076e-02,9.362161486462736160e-02,1.215780968654895655e-01,-9.467262057896211336e-02,1.271915526651034856e-01,-1.970019617286472569e-02,8.323957901523108827e-02,-4.918361924559352255e-02,-1.019189359154549085e-01,-4.997907258342895037e-02
-7.065391519847566415e-02,9.319807530960214081e-02,1.215942076755578277e-01,-9.381397849090297725e-02,1.255038578629246726e-01,-2.000703457567526780e-02,8.111954743392799094e-02,-4.725898056822835924e-02,-9.892734609314944583e-02,-4.790869186664581392e-02
-7.065433733524277560e-02,9.262057831218613313e-02,1.216186520211167549e-01,-9.264882565727942942e-02,1.232088667512396402e-01,-2.041844000496135375e-02,7.826210405827591088e-02,-4.470872393365536712e-02,-9.486133294071598387e-02,-4.552848511082401017e-02
-7.065487198777567479e-02,9.188856369968723126e-02,1.216473919710638341e-01,-9.117240947666191420e-02,1.203038826273926110e-01,-2.097672168570604082e-02,7.462858949445851098e-02,-4.152058813341902993e-02,-8.968688526943358053e-02,-4.205792439498205054e-02
-7.065551966502750525e-02,9.100172837009576354e-02,1.216838257475599122e-01,-8.939428698266678464e-02,1.167996055535826111e-01,-2.162681315299715135e-02,7.028477770983461437e-02,-3.774670611096417328e-02,-8.350597997338259082e-02,-3.826145739462381151e-02
-7.065628039451550546e-02,8.995931770538420635e-02,1.217241728958137342e-01,-8.731216221231391517e-02,1.126968846411085801e-01,-2.240003045441981561e-02,6.520538279185009167e-02,-3.339034969375922340e-02,-7.631717705828157394e-02,-3.351821273805577484e-02
-7.065715477704180569e-02,8.876076299714577567e-02,1.217711958844334419e-01,-8.493602550223110226e-02,1.080077947644746406e-01,-2.324279767835431276e-02,5.945774106397245379e-02,-2.850536477520304243e-02,-6.823241642895469528e-02,-2.846933378692875424e-02
-7.065814297544723011e-02,8.740509718526129346e-02,1.218213782676014073e-01,-8.226601459462877519e-02,1.027367084878067077e-01,-2.417659420472989887e-02,5.303018293417956219e-02,-2.311126101380587411e-02,-5.928016792122210027e-02,-2.262492824719768841e-02
-7.065924569244122488e-02,8.589148274122938853e-02,1.218769435662927780e-01,-7.931294784943147824e-02,9.689762142583144278e-02,-2.514724301162329576e-02,4.599429158619815217e-02,-1.726790143363217400e-02,-4.958378365669657145e-02,-1.654390871180268577e-02
-7.066046322968351501e-02,8.421871838859446013e-02,1.219345097649783827e-01,-7.607930228196256583e-02,9.049848647002681212e-02,-2.616726715057645161e-02,3.835124307004424138e-02,-1.100801925883838905e-02,-3.919993375607303682e-02,-9.835270770151515601e-03
-7.066179640120032190e-02,8.238568613096608484e-02,1.219958034367660121e-01,-7.257706259306181962e-02,8.355576986347992841e-02,-2.718048283345204930e-02,3.017871048193229017e-02,-4.399344016294556327e-03,-2.826495148319739178e-02,-3.001611428219240832e-03
-7.066324565421486237e-02,8.039092604341332993e-02,1.220574792703117417e-01,-6.881109566538820554e-02,7.608127213938753464e-02,-2.819062803836319339e-02,2.149105695223340121e-02,2.513086414617308247e-03,-1.686191655038435724e-02,4.268489391295021869e-03
-7.066481192570581160e-02,7.823302035737526861e-02,1.221207693460304999e-01,-6.479488222122344043e-02,6.809454438711801116e-02,-2.913831996885675804e-02,1.237370280572122443e-02,9.652895303484320885e-03,-5.140976599234787017e-03,1.151211934445702315e-02
-7.066649581755268805e-02,7.591022126607775700e-02,1.221822685907922590e-01,-6.053582947244178641e-02,5.961168619311297406e-02,-3.001834510066943643e-02,2.855061316941992933e-03,1.696310324635530095e-02,6.789748827544574497e-03,1.897391247784565443e-02
-7.066829840428480447e-02,7.342078394075650383e-02,1.222426928099765164e-01,-5.604928469757694542e-02,5.065607945310548338e-02,-3.076690924661309307e-02,-6.969634482285563641e-03,2.435800882795800468e-02,1.876629779507926754e-02,2.621884509641292035e-02
-7.067022045444304457e-02,7.076263644652536211e-02,1.222984679843562988e-01,-5.134544319992323524e-02,4.124879412005789947e-02,-3.136943796820279573e-02,-1.705665229652027215e-02,3.176890596528935545e-02,3.065721155168184969e-02,3.343426798658067495e-02
-7.067226319804745249e-02,6.793367065881600331e-02,1.223497469116704289e-01,-4.644195557803818680e-02,3.141796085161287916e-02,-3.175635717989028911e-02,-2.729848154296087015e-02,3.909999523000395188e-02,4.228529505959784107e-02,4.020423120274937978e-02
-7.067442758601526209e-02,6.493144534935024748e-02,1.223926594648636901e-01,-4.135216234953172088e-02,2.119055261867250697e-02,-3.190310719157148089e-02,-3.763410984242930579e-02,4.627094260975761486e-02,5.349819805110541532e-02,4.666633068828517777e-02
-7.067671502587408172e-02,6.175344151719564662e-02,1.224267157106836423e-01,-3.609654978891347482e-02,1.060063191473232559e-02,-3.173279306493145130e-02,-4.794070616055267492e-02,5.317508665499047493e-02,6.410722643244708141e-02,5.241737494572751288e-02
-7.067912667142445260e-02,5.839679180340104359e-02,1.224475980478108850e-01,-3.069209648927858497e-02,-3.176682319972411964e-04,-3.120993742693510195e-02,-5.813726632439585040e-02,5.972032732414278566e-02,7.394247378900724310e-02,5.755146391549356005e-02
-7.068166413469452458e-02,5.485850462669362299e-02,1.224540513287760840e-01,-2.516278557841386196e-02,-1.152281139824587984e-02,-3.024856707184269897e-02,-6.808177182049174325e-02,6.578842086607399053e-02,8.280721700187641809e-02,6.167426739936162500e-02
-7.068432879915811928e-02,5.113521420888051533e-02,1.224411239389728984e-01,-1.952990152714004571e-02,-2.297180447944583565e-02,-2.880100024430443800e-02,-7.766945325207419426e-02,7.127521066952159645e-02,9.051903804534588982e-02,6.484216110181446890e-02
-7.068712251471166719e-02,4.722337639256062730e-02,1.224066179174999325e-01,-1.382176016848980088e-02,-3.461360940007614934e-02,-2.677013218002259262e-02,-8.673417425286301941e-02,7.605017235623615091e-02,9.687897272604333032e-02,6.666820096240876070e-02
-7.069004692946749546e-02,4.311903399508435625e-02,1.223447100601894599e-01,-8.064852012720448785e-03,-4.639406144640303292e-02,-2.409433091294658005e-02,-9.514217197329710718e-02,7.999673980198455936e-02,1.016999394375788929e-01,6.717713193498831004e-02
-7.069310417312839323e-02,3.881798565112576371e-02,1.222520079560595607e-01,-2.292904913851743099e-03,-5.824989583703112095e-02,-2.066292181340559711e-02,-1.026966664533051493e-01,8.297159567782651235e-02,1.047901600079363810e-01,6.599090450322048218e-02
-7.069629620424293381e-02,3.431556184379814384e-02,1.221215059849621865e-01,3.461173373763340270e-03,-7.011262335125262313e-02,-1.639798854978969170e-02,-1.092277288067754898e-01,8.484542307183237653e-02,1.059699436075644818e-01,6.310987920242434879e-02
-7.069962548588396012e-02,2.960676601400872784e-02,1.219482624972770685e-01,9.156818794470606218e-03,-8.190303144375295219e-02,-1.117229972536207261e-02,-1.144992856911274254e-01,8.546192429291982195e-02,1.050699588276099022e-01,5.817044083167384472e-02
-7.070309434757353351e-02,2.468605635895151570e-02,1.217236719414134111e-01,1.475306537984891198e-02,-9.353393722078999495e-02,-4.888574185853501557e-03,-1.182951411936232350e-01,8.467905235078942994e-02,1.019365835044063057e-01,5.115849862776532253e-02
-7.070670565557725384e-02,1.954745637040216158e-02,1.214407454155044114e-01,2.020059911440417674e-02,-1.049050071388041294e-01,2.600708140360767466e-03,-1.203280075336119331e-01,8.232801875673206871e-02,9.644677988693002579e-02,4.173566188394602777e-02
-7.071046219115360854e-02,1.418433690831125311e-02,1.210886994240231024e-01,2.544814052503251503e-02,-1.159042094387448402e-01,1.141630661377529554e-02,-1.203212694505733926e-01,7.825488380914948083e-02,8.850267230157120302e-02,2.988858928658518974e-02
-7.071436731677285814e-02,8.589490057820187846e-03,1.206577911719181190e-01,3.043499525951320547e-02,-1.264027432886079272e-01,2.173082408418725367e-02,-1.179196197182775518e-01,7.228019628721692180e-02,7.806537153231371540e-02,1.532300069831925467e-02
-7.071842437496159151e-02,2.754903882788668507e-03,1.201342400755578133e-01,3.509642509123214044e-02,-1.362548797288497260e-01,3.369395580323114592e-02,-1.127656910677274638e-01,6.424069272188634439e-02,6.513979286050680662e-02,-1.949580642709384214e-03
-7.072263735106164295e-02,-3.328210395759523960e-03,1.195045318739611367e-01,3.935665355461718390e-02,-1.452926669656189884e-01,4.750965738317297626e-02,-1.044118319841824960e-01,5.395065813202012256e-02,4.983161299142750689e-02,-2.214737607472948636e-02
-7.072701029872673073e-02,-9.669663038722055293e-03,1.187506875137253753e-01,4.313301116099904631e-02,-1.533236479795787033e-01,6.336364388970559813e-02,-9.239021378333320267e-02,4.124341052567333243e-02,3.232427581120218829e-02,-4.519185455680105323e-02
-7.073154799685302252e-02,-1.628032230081520246e-02,1.178539014336437291e-01,4.632931777627966041e-02,-1.601247595679272384e-01,8.149865958300557545e-02,-7.612528800346195224e-02,2.593593600576340683e-02,1.296405829131734404e-02,-7.116264979684283620e-02
-7.073625539053345068e-02,-2.317240217129682561e-02,1.167900554142647235e-01,4.883858679449012280e-02,-1.654370681315577851e-01,1.021412541044712519e-01,-5.499730159501287075e-02,7.869219578926698461e-03,-7.771632899529017785e-03,-9.979926657688263647e-02
-7.074113815955143658e-02,-3.035960681067879918e-02,1.155320970876674014e-01,5.053702538313899900e-02,-1.689578432312606182e-01,1.255629038545725829e-01,-2.826269239163484506e-02,-1.312556706832136016e-02,-2.917624342810515997e-02,-1.307495797294264406e-01
-7.074620179592457092e-02,-3.785758013827560803e-02,1.140435878905249056e-01,5.128722477608613217e-02,-1.703312226128270712e-01,1.519525388735562810e-01,4.852915535215412100e-03,-3.720472411706524096e-02,-5.044340917824167297e-02,-1.625910414070000642e-01
-7.075145039428402949e-02,-4.568459306458488856e-02,1.122696502088281201e-01,5.094390961320882649e-02,-1.691391094069166490e-01,1.812432379419557371e-01,4.506421689101185873e-02,-6.460680985608455162e-02,-7.092186584468619659e-02,-1.909031114375892846e-01
-7.075687805657052132e-02,-5.386399702039635501e-02,1.100820571139318887e-01,4.941389210836462376e-02,-1.649009000718414941e-01,2.120386162869870028e-01,9.221340959580258401e-02,-9.585402150184905989e-02,-9.165434283164321239e-02,-1.996812913833761749e-01
-7.076243482649653693e-02,-6.243329071520602180e-02,1.070483205147449990e-01,4.694630718928441415e-02,-1.571420969489681074e-01,2.377298477653948250e-01,1.421285201831598011e-01,-1.323787246054089761e-01,-1.199231510178275090e-01,-1.354972225114316753e-01
-7.076788411709372673e-02,-7.147811697876101100e-02,1.014269077898728860e-01,4.549792665725634760e-02,-1.457607438096913677e-01,2.320136868053732093e-01,1.734185846968186728e-01,-1.764523094287347438e-01,-1.789519922447616318e-01,1.446844063469523434e-01
-7.077230090273778362e-02,-8.120442787379261729e-02,8.655866608032243559e-02,5.401963858824820192e-02,-1.321076832426974768e-01,1.084794220209823329e-01,1.015128069377859293e-01,-2.188260685815416051e-01,-2.908621872264077202e-01,7.435917115967781710e-01
-7.077337843691830499e-02,-9.141470996008223271e-02,4.751809984845353774e-02,9.472685400227538743e-02,-1.159234524814417855e-01,-2.683083869213278017e-01,-2.634915626317834159e-01,-1.739509662526549094e-01,-2.230508278375962217e-01,5.058033798787742868e-02
-7.077575451218573455e-02,-9.635347662904332477e-02,4.061100526467736893e-02,7.946232440715537970e-02,-7.679023390235259483e-02,-2.380561535340889878e-01,-1.999682568373849501e-01,-2.178806085845389762e-01,-2.128836199595300349e-01,-1.287295415149911637e-01
-7.077683791599376217e-02,-9.865748380121254490e-02,3.668392171584181766e-02,6.298238633374914075e-02,-3.858414953658349106e-02,-1.906677300328201152e-01,-1.070850202191339501e-01,-2.351574337334401132e-01,-1.574871650334935536e-01,-1.457308665478028176e-01
-7.077732327813664182e-02,-9.979445644429595086e-02,3.370514896758973478e-02,5.257873603562579490e-02,-1.102902538852472761e-02,-1.616225444445323900e-01,-4.054241791977529485e-02,-2.238333539525684257e-01,-5.939455209927639590e-02,-1.035153063384453009e-01
-7.077756341420163300e-02,-1.003821751573516358e-01,3.161280868311979603e-02,4.669611910077036548e-02,6.827309898272272692e-03,-1.438882152331120989e-01,2.393725158230909037e-03,-2.018167480849377138e-01,3.172449837579535692e-02,-5.506956115122742940e-02
-7.077769333210137681e-02,-1.006936210468553083e-01,3.016194057421823366e-02,4.352467522876036360e-02,1.789593843287199185e-02,-1.316108372797784032e-01,2.945703527487596521e-02,-1.785070796406882099e-01,9.719150953159545747e-02,-1.766678779706002539e-02
-7.077776940671798300e-02,-1.008596312517600485e-01,2.911225958217639881e-02,4.190047469733601537e-02,2.461683886854550488e-02,-1.218553018024097073e-01,4.650619108522512785e-02,-1.570640269203210093e-01,1.376832047644845347e-01,6.936160167178282744e-03
-7.077781774541376525e-02,-1.009468611108277902e-01,2.829745432843510516e-02,4.114895927153480737e-02,2.865997643466428046e-02,-1.132498672359746050e-01,5.737578905842639215e-02,-1.379976703707225250e-01,1.593930697110714778e-01,2.144230072655569502e-02
-7.077785132462488527e-02,-1.009906320442623823e-01,2.761513471910691242e-02,4.089000563922486758e-02,3.108778868723117289e-02,-1.051566260051544077e-01,6.447922974819615682e-02,-1.209518088464913571e-01,1.684045950117403490e-01,2.895637276245311559e-02
-7.077787688360961948e-02,-1.010101304123339483e-01,2.700513354587639678e-02,4.091098869574146674e-02,3.255327498176679990e-02,-9.727802546206744394e-02,6.931237764523608125e-02,-1.054083934254593374e-01,1.692850904372573406e-01,3.190774634182686614e-02
-7.077789801920425505e-02,-1.010159443873036023e-01,2.643279070690289154e-02,4.109302972550273048e-02,3.345015660957907644e-02,-8.947588381036908345e-02,7.279430315656043593e-02,-9.091937198755489780e-02,1.651245218247693602e-01,3.196779443298527340e-02
-7.077791668468182140e-02,-1.010139783408486452e-01,2.587830745022806286e-02,4.136952139348866464e-02,3.401301805771527603e-02,-8.168724624836058712e-02,7.548591926519229722e-02,-7.715606592989908419e-02,1.579098856125920602e-01,3.021926844373952828e-02
-7.077793395320532144e-02,-1.010075493149353854e-01,2.533042017750419816e-02,4.170304337324946820e-02,3.438050064922547333e-02,-7.388472891763277206e-02,7.772784739312044167e-02,-6.389717623456568629e-02,1.488839143046823965e-01,2.734040163229145906e-02
-7.077795041938221565e-02,-1.009985322494737908e-01,2.478273194055818571e-02,4.207250119680269740e-02,3.463411565701703110e-02,-6.605760997867855810e-02,7.972620508510153137e-02,-5.100234952432616126e-02,1.388128160073165973e-01,2.374810353792567233e-02
-7.077796641322384175e-02,-1.009879883702660963e-01,2.423162931314491730e-02,4.246600967431696239e-02,3.482140141665129168e-02,-5.820288251828498183e-02,8.160511584989030287e-02,-3.838814931020567006e-02,1.281635615644590165e-01,1.969460843512499740e-02
-7.077798211986234544e-02,-1.009765241397732466e-01,2.367507431028072207e-02,4.287683425100479589e-02,3.497012489201861696e-02,-5.032105639610411768e-02,8.343978668433235657e-02,-2.600806941110769127e-02,1.172232152905737096e-01,1.533255792979572839e-02
-7.077799764231142154e-02,-1.009644859432253794e-01,2.311192804000176959e-02,4.330116829001091211e-02,3.509638346242790335e-02,-4.241418588147306129e-02,8.527618780615132954e-02,-1.383982042431403277e-02,1.061680708455634281e-01,1.075403555521226191e-02
-7.077801303839642566e-02,-1.009520730301432107e-01,2.254157272644737725e-02,4.373686697369817689e-02,3.520944415154981383e-02,-3.448490558954254992e-02,8.714263642172273561e-02,-1.876445575768120270e-03,9.510796873720347988e-02,6.014394818321622434e-03
-7.077802834042544455e-02,-1.009393998266956832e-01,2.196368069298205300e-02,4.418272633858567194e-02,3.531459490721654965e-02,-2.653604414148900276e-02,8.905669311893028850e-02,9.879599183252936456e-03,8.411495917521973065e-02,1.148756164957518908e-03
-7.077804356729769375e-02,-1.009265338923616140e-01,2.137810227645121214e-02,4.463809142450433226e-02,3.541479536041299003e-02,-1.857052073346164567e-02,9.103013901753041759e-02,2.141992205805854851e-02,7.323616557921874826e-02,-3.821284941066325005e-03
-7.077805873028485129e-02,-1.009135152197503521e-01,2.078478538259294697e-02,4.510261291325102367e-02,3.551165528051241499e-02,-1.059122302736353188e-02,9.307104135922333876e-02,3.273255445136987601e-02,6.250524520400403683e-02,-8.881035092314554236e-03
-7.077807383669149077e-02,-1.009003680244669326e-01,2.018373474040882284e-02,4.557611638739767629e-02,3.560600039925077009e-02,-2.601000725079048899e-03,9.518529264876317286e-02,4.380338760701747713e-02,5.194802176783005349e-02,-1.401966360796444953e-02
-7.077808889232026224e-02,-1.008871081018917343e-01,1.957499223110568606e-02,4.605853062196501452e-02,3.569819015012658941e-02,5.397341855671655871e-03,9.737766691154239873e-02,5.461697312754952571e-02,4.158474951198917746e-02,-1.922869203882790826e-02
-7.077810390137741214e-02,-1.008737430144310415e-01,1.895863121046984998e-02,4.654987571752436382e-02,3.578814969291090747e-02,1.340110098119953394e-02,9.965145661659211007e-02,6.515667187220919310e-02,3.143168452015798059e-02,-2.450167926449814404e-02
-7.077811887459219131e-02,-1.008603005288603444e-01,1.833465007598614194e-02,4.704994002692314964e-02,3.587691068378667802e-02,2.140734090802377809e-02,1.020134124228669198e-01,7.540954002063159078e-02,2.151774973548271214e-02,-2.982413001848369799e-02
-7.077813381285529004e-02,-1.008467743620430485e-01,1.770317450361096057e-02,4.755890092661212154e-02,3.596364141657938662e-02,2.941340348972510885e-02,1.044644903191151997e-01,8.535673230244453236e-02,1.185005252110393932e-02,-3.519212162997484294e-02
-7.077814871815511777e-02,-1.008331682009031560e-01,1.706428898526717725e-02,4.807684395610906797e-02,3.604799887002536202e-02,3.741613129514254066e-02,1.070066586445397316e-01,9.498113940550256817e-02,2.440558763168761049e-03,-4.059374001453786018e-02
-7.077816358143090847e-02,-1.008194906620204778e-01,1.641801444998558859e-02,4.860388000256557484e-02,3.612977857554366956e-02,4.541053431715350724e-02,1.096409406390737723e-01,1.042658828620765810e-01,-6.701437236991796172e-03,-4.599877478782338214e-02
-7.077817834265739960e-02,-1.008057604935719831e-01,1.576412134128625867e-02,4.914037738643506348e-02,3.620876988089655191e-02,5.338419308002276958e-02,1.123623865919107651e-01,1.131922745539389319e-01,-1.558157923903955369e-02,-5.130637853339008181e-02
-7.077819272080128343e-02,-1.007920391750949107e-01,1.510121461592635501e-02,4.968792793901435217e-02,3.628465463766244320e-02,6.129439390373903063e-02,1.151425340193985292e-01,1.217330636081224854e-01,-2.426384430744456255e-02,-5.613487611901553376e-02
-7.077820548858540506e-02,-1.007785756331428667e-01,1.442255689657820535e-02,5.025401065810852080e-02,3.635615824618219222e-02,6.897559577608777803e-02,1.178568466039279228e-01,1.298270584549425233e-01,-3.302920299818771360e-02,-5.901019222880828780e-02
-7.077821134110134915e-02,-1.007664326543506877e-01,1.369685725943294193e-02,5.087456056423569906e-02,3.641593810653020319e-02,7.576684354426146961e-02,1.199874078879507172e-01,1.372933130298439053e-01,-4.293624349066191975e-02,-5.441592677116403876e-02
-7.077818736314567261e-02,-1.007601160857587302e-01,1.278053893718923521e-02,5.172316165679732847e-02,3.642488677364759397e-02,7.903861309414117464e-02,1.194033233243364939e-01,1.436151376347529762e-01,-5.755448682533360893e-02,-2.342365076150296210e-02
-7.077803571076154987e-02,-1.007772509359668306e-01,1.103082362499910839e-02,5.362322185943541042e-02,3.621971263734827945e-02,6.870027494053869421e-02,1.075481263056810993e-01,1.479421524843326508e-01,-8.661514985859071480e-02,8.542199004099031157e-02
-7.077737071025608229e-02,-1.008664851714573124e-01,5.854819652599393617e-03,6.010695530965191186e-02,3.552271362127846360e-02,1.111546276230935756e-02,5.370662967960336542e-02,1.541262877535364284e-01,-1.404142524497071776e-01,3.094567189372066651e-01
-7.077520611541043838e-02,-1.009368588475910017e-01,-8.943134753382349714e-03,7.995058511359794118e-02,3.763124771134183921e-02,-1.469156664776380683e-01,-1.001460162843342272e-01,2.003281121433991285e-01,-1.352986396212970954e-01,2.963198458159448795e-02
-7.077419753396850532e-02,-9.973761106005557542e-02,-1.101807232615641813e-02,7.083922765565398016e-02,4.688704849375146394e-02,-1.238741361222913534e-01,-9.745100961490640867e-02,1.754141863305997973e-01,-1.691035131184935036e-01,-3.122209814651745463e-02
-7.077285121356521880e-02,-9.799072035119198165e-02,-1.324337089158878975e-02,5.876500139045128662e-02,5.712277491916258748e-02,-9.578901113446619542e-02,-8.858525687608768961e-02,1.482444164458732172e-01,-1.823277127132709452e-01,-5.030403771647269651e-02
-7.077138169412273971e-02,-9.602100687829920322e-02,-1.560680203226621002e-02,4.732254504712276461e-02,6.516054426699557922e-02,-7.307646700141604001e-02,-8.391677835644303918e-02,1.284701289768084287e-01,-1.674089043707770452e-01,-4.719322166845751898e-02
-7.076986827617634535e-02,-9.394818828963059920e-02,-1.788973835118110381e-02,3.672450933360667247e-02,7.100349558825898300e-02,-5.404822842915499997e-02,-8.232285767072122784e-02,1.128041905165254183e-01,-1.436259132332260990e-01,-3.761582653039457352e-02
-7.076833606209222138e-02,-9.182067274299191006e-02,-2.006151251451734202e-02,2.681401006659459366e-02,7.518560248043751337e-02,-3.733923677638629340e-02,-8.246746391838527535e-02,9.899661172594628744e-02,-1.202315751727117688e-01,-2.790111423436456017e-02
-7.076679455289706933e-02,-8.966034825648616646e-02,-2.213774507394214788e-02,1.745392619683333243e-02,7.815299409349898974e-02,-2.227626502747234033e-02,-8.351367538432191706e-02,8.615358680767939981e-02,-9.964584735003362281e-02,-1.958797605890933227e-02
-7.076524798030349450e-02,-8.747798239470351567e-02,-2.413565766890636566e-02,8.556550469800503628e-03,8.020274233290329569e-02,-8.530772983198174619e-03,-8.495226127225824486e-02,7.398803360673532337e-02,-8.188135923534488325e-02,-1.274315196307632472e-02
-7.076369844835124490e-02,-8.527926591826005820e-02,-2.606753311870005363e-02,7.101419019410826010e-05,8.152015520220927403e-02,4.051605573993650143e-03,-8.648926174973317615e-02,6.245104439564611726e-02,-6.639513712157575631e-02,-7.030651410078614036e-03
-7.076214710533978991e-02,-8.306739266422179246e-02,-2.794034860790583011e-02,-8.032662102984870073e-03,8.222013708872508153e-02,1.556345386033946773e-02,-8.794180549562784222e-02,5.155567298782701147e-02,-5.266725801052541539e-02,-2.199841735127040527e-03
-7.076059468207304692e-02,-8.084431297640576330e-02,-2.975844743965403924e-02,-1.577161714585719951e-02,8.237597821658750041e-02,2.605241503793739519e-02,-8.921115914095485711e-02,4.132623838976338254e-02,-4.032555115436353005e-02,1.987351866060509814e-03
-7.075904172431055073e-02,-7.861131917725283635e-02,-3.152418023425381660e-02,-2.315681729002227324e-02,8.203775236319658937e-02,3.555605186858340483e-02,-9.023736097258462652e-02,3.177119217274861768e-02,-2.913265240487667579e-02,5.658433169883444157e-03
-7.075748861664747646e-02,-7.636938726353335871e-02,-3.323891015566947382e-02,-3.019545355344544976e-02,8.124195540619426337e-02,4.410432772883769725e-02,-9.099045678912071056e-02,2.289868033720063312e-02,-1.892155840066025649e-02,8.919891619811198130e-03
-7.075593567697983921e-02,-7.411931982037470168e-02,-3.490322698706104648e-02,-3.689328615340697892e-02,8.001818191662947444e-02,5.173191024970880125e-02,-9.145002022218501336e-02,1.471002354573478638e-02,-9.568744470531456367e-03,1.180806410562821977e-02
-7.075438321504819161e-02,-7.186185490846880297e-02,-3.651752708101262818e-02,-4.325496205056120896e-02,7.839224589804016929e-02,5.846916278254127991e-02,-9.160964044477884483e-02,7.201247393645588378e-03,-9.754576073570680626e-04,1.436993732522220436e-02
-7.075283148135498579e-02,-6.959756884729224879e-02,-3.808259776373815186e-02,-4.928688110562007285e-02,7.639266589607995872e-02,6.435745332946324337e-02,-9.145380866914082363e-02,3.444819965184905530e-04,6.846651672277439052e-03,1.648208720128298624e-02
-7.075128080101888983e-02,-6.732683139229549141e-02,-3.959866881374369402e-02,-5.499697520777267756e-02,7.404612890822021010e-02,6.948313624835346369e-02,-9.095659686740326100e-02,-5.913336037743983226e-03,1.404425318708822645e-02,1.782962406509177103e-02
-7.074973165758324800e-02,-6.504828193032632933e-02,-4.106609848578617744e-02,-6.040320645621484463e-02,7.138643303201060164e-02,7.410913639135958964e-02,-8.991169740402259192e-02,-1.175151192656100768e-02,2.154689543178000058e-02,1.788540583550719473e-02
-7.074817866625775220e-02,-6.275887966909424187e-02,-4.251022292095694294e-02,-6.557390136947741088e-02,6.877223256691515629e-02,7.833482595469663801e-02,-8.486082282949516942e-02,-1.644374809605116811e-02,2.992407313169142061e-02,2.210193090059820592e-02
-7.074666690553574333e-02,-6.053615918210321356e-02,-4.383622955463382237e-02,-7.038020612207658566e-02,6.518779580035970189e-02,8.182212389793104557e-02,-8.937706244365439812e-02,-2.537879872572267048e-02,2.142568476001940198e-02,1.483126194722936796e-02
-7.074513179059369050e-02,-5.826347307176169693e-02,-4.515595705092072254e-02,-7.488189691747654253e-02,6.138356842353204224e-02,8.444577732531681480e-02,-9.124825107695462567e-02,-3.190437937546475311e-02,2.176230784024224887e-02,1.514091230585996352e-02
-7.074356389791214283e-02,-5.593659965696810843e-02,-4.640702105333651545e-02,-7.932838022395595490e-02,5.749996572234716830e-02,8.801305231564582332e-02,-9.670273730691453240e-02,-4.149586486276891223e-02,9.413994726638175159e-03,-1.809811534379517995e-03
-7.074209588105311031e-02,-5.376411570373732657e-02,-4.770854628833748334e-02,-8.325537544365622933e-02,5.449353817774293257e-02,8.703246766996967920e-02,-8.058929439541312467e-02,-3.813248626809809250e-02,2.697685388758851860e-02,1.610245540063880154e-02
-7.074058193311445752e-02,-5.151391560097765693e-02,-4.894065074981128471e-02,-8.709079321825606568e-02,5.107425859598131723e-02,8.742484779020796848e-02,-7.315435156870600530e-02,-3.944347956311879816e-02,3.160890196639405680e-02,1.604866077044439163e-02
-7.073905722178365496e-02,-4.923583456210085807e-02,-5.011098387406289628e-02,-9.049381653348681498e-02,4.703853609967523219e-02,8.709169278650584489e-02,-6.886596719540673261e-02,-4.105053376287247369e-02,3.483034104531939484e-02,1.615655611104189690e-02
-7.073753217363408508e-02,-4.694738398823632142e-02,-5.121511599109377505e-02,-9.351631658652488632e-02,4.258070524956308889e-02,8.612013326697252891e-02,-6.552781866592616300e-02,-4.244977172483057476e-02,3.709153877663848992e-02,1.609455450043070779e-02
-7.073600968733723127e-02,-4.465525889245818003e-02,-5.226114935406447198e-02,-9.620926186160258520e-02,3.784988491549735184e-02,8.459143896400397877e-02,-6.244420602735203246e-02,-4.353347518215683332e-02,3.840501173549593084e-02,1.566387582144694590e-02
-7.073449089464650674e-02,-4.236250499914381851e-02,-5.325558756899731461e-02,-9.860268287449526492e-02,3.293732496756443529e-02,8.256654921999230512e-02,-5.936676796976922410e-02,-4.428040739478800170e-02,3.887113361538013789e-02,1.484218447286403744e-02
-7.073297650685014815e-02,-4.007088687931135290e-02,-5.420161840860718977e-02,-1.007123676105182858e-01,2.789555818189466685e-02,8.009129397113312621e-02,-5.621248320314421731e-02,-4.468374630182299356e-02,3.869914736775325464e-02,1.374413773896405663e-02
-7.073146700699523004e-02,-3.778157253331253240e-02,-5.510120819979551915e-02,-1.025484284415842384e-01,2.276108371283998635e-02,7.720347488908563260e-02,-5.295469645142060477e-02,-4.474592697303235445e-02,3.803111106556090332e-02,1.245120926131973102e-02
-7.072996278262969061e-02,-3.549547318349365738e-02,-5.595549239685043696e-02,-1.041185318097985202e-01,1.756240501464171808e-02,7.393929881677337168e-02,-4.958766652963401272e-02,-4.448029517322362597e-02,3.695659190445084452e-02,1.101118970847712528e-02
-7.072846418154973835e-02,-3.321338909729158045e-02,-5.676538563095168827e-02,-1.054290358062358185e-01,1.232391642603890280e-02,7.033202440501698516e-02,-4.611678263053062971e-02,-4.390010779314483524e-02,3.554071372349929675e-02,9.459804168680497130e-03
-7.072697153891320532e-02,-3.093606922707490062e-02,-5.753155598230341033e-02,-1.064859635643716912e-01,7.067848564809867118e-03,6.641510647761190989e-02,-4.255075506297131827e-02,-4.302478598575659730e-02,3.383174984864534968e-02,7.825512426782142358e-03
-7.072548517936676216e-02,-2.866423828147149355e-02,-5.825470852333269195e-02,-1.072949900227236492e-01,1.815088429631793541e-03,6.222013103202423540e-02,-3.890159208375762456e-02,-4.187096894905300432e-02,3.187300723847422135e-02,6.134883377005735487e-03
-7.072400542677136082e-02,-2.639860793208964954e-02,-5.893543713019100405e-02,-1.078618667162361267e-01,-3.414402647862325828e-03,5.777933898281660541e-02,-3.518109179949532178e-02,-4.045944368563876570e-02,2.970125034675608761e-02,4.408305099630388524e-03
-7.072253260048554091e-02,-2.413988266177861594e-02,-5.957442713749783181e-02,-1.081922033818214501e-01,-8.601447302622597033e-03,5.312331093652525316e-02,-3.140283110428358782e-02,-3.880802024582243742e-02,2.735250165234518610e-02,2.667647576267506791e-03
-7.072106702304035986e-02,-2.188875952135158065e-02,-6.017228170252173630e-02,-1.082917687303667081e-01,-1.372753315087532101e-02,4.828303434146875156e-02,-2.757938979298659582e-02,-3.693807824544617646e-02,2.485800309390075180e-02,9.311749154774877617e-04
-7.071960901154983326e-02,-1.964593122416663160e-02,-6.072969623058446093e-02,-1.081662252151580628e-01,-1.877490403051987333e-02,4.328797916351077857e-02,-2.372453020437321342e-02,-3.486763352461924592e-02,2.225020571829584848e-02,-7.814057816813051779e-04
-7.071815888519294990e-02,-1.741208377736527466e-02,-6.124729315284512671e-02,-1.078214014376505520e-01,-2.372649021662212240e-02,3.816800247124880335e-02,-1.985081848543274879e-02,-3.261775919527067080e-02,1.955748567486233214e-02,-2.455378217323059102e-03
-7.071671695974919569e-02,-1.518789838888114259e-02,-6.172579004774229883e-02,-1.072630236585650348e-01,-2.856600445020416115e-02,3.295119761749028958e-02,-1.597184452840276839e-02,-3.020642280999133802e-02,1.680914182609500457e-02,-4.073555710019878366e-03
-7.071528355518115483e-02,-1.297404798273303281e-02,-6.216583527419487776e-02,-1.064969849675167224e-01,-3.327784503027092500e-02,2.766566851126626633e-02,-1.209994363289825306e-02,-2.765459041404466980e-02,1.402948398051203326e-02,-5.621305050821168506e-03
-7.071385898610083043e-02,-1.077119978964450817e-02,-6.256815942689342158e-02,-1.055290761151468637e-01,-3.784729044878703402e-02,2.233790162997461443e-02,-8.248281568928662530e-03,-2.498008080880932680e-02,1.124400413427841146e-02,-7.082336365960880363e-03
-7.071244356942042730e-02,-8.580014449991690134e-03,-6.293344202992519343e-02,-1.043652477561740344e-01,-4.226033828852535090e-02,1.699440924032974767e-02,-4.428644203739662971e-03,-2.220301001066100552e-02,8.474769061157556502e-03,-8.446182043946291046e-03
-7.071103761659879028e-02,-6.401145205261993612e-03,-6.326243639787958173e-02,-1.030113428944651327e-01,-4.650395314296607019e-02,1.166004829410915121e-02,-6.536176514611931505e-04,-1.934062248293877753e-02,5.744295791129607962e-03,-9.700726897270542382e-03
-7.070964144220946712e-02,-4.235236446637860239e-03,-6.355584095104363507e-02,-1.014733505876809216e-01,-5.056587918011976740e-02,6.359437948636476566e-03,3.065458701301144832e-03,-1.641248721714956213e-02,3.070546877869292403e-03,-1.083811548465928726e-02
-7.070825535562619280e-02,-2.082925798155626888e-03,-6.381442761257331842e-02,-9.975717059328553793e-02,-5.443478716539334322e-02,1.115506329912240588e-03,6.716892235704434617e-03,-1.343511845010759466e-02,4.727820884716542522e-04,-1.184807035629199985e-02
-7.070687966864888652e-02,5.515831688629257252e-05,-6.403891934827266041e-02,-9.786883508026426870e-02,-5.810018771216005073e-02,-4.049116310615505712e-03,1.029003429022315452e-02,-1.042716459786214786e-02,-2.034251976533054881e-03,-1.272565073122124829e-02
-7.070551468744802615e-02,2.178395012765156191e-03,-6.423010765981049253e-02,-9.581428693387673834e-02,-6.155254406813624041e-02,-9.113521893344290331e-03,1.377414928729834946e-02,-7.404174051733543142e-03,-4.434403145399985410e-03,-1.346362342538588198e-02
-7.070416072064800161e-02,4.286172707104443994e-03,-6.438874009643595631e-02,-9.359959805045467429e-02,-6.478316743016386547e-02,-1.405721128604891373e-02,1.715946139737887025e-02,-4.383805291167398518e-03,-6.716356935220963754e-03,-1.406006204547629278e-02
-7.070281807099711158e-02,6.377887988802038999e-03,-6.451562748815811710e-02,-9.123075056615127798e-02,-6.778434344035033643e-02,-1.886139098697801886e-02,2.043623596398626632e-02,-1.380584038768233870e-03,-8.867223562137019691e-03,-1.451061793225290157e-02
-7.070148704321482791e-02,8.452947470737154703e-03,-6.461153984256393090e-02,-8.871384438480800494e-02,-7.054920857544397239e-02,-2.350785123264547902e-02,2.359576647961584075e-02,1.589255621494103932e-03,-1.087847256422213443e-02,-1.481609806289918389e-02
-7.070016793618996709e-02,1.051076580964688777e-02,-6.467730826342718564e-02,-8.605489809153571423e-02,-7.307187166776232812e-02,-2.797999279072098736e-02,2.662936019188739609e-02,4.512283296420685486e-03,-1.274035986066620468e-02,-1.497495648734230821e-02
-7.069886105045956881e-02,1.255076794550443776e-02,-6.471372601257900647e-02,-8.326003848089473525e-02,-7.534728443739152626e-02,-3.226192658408268826e-02,2.952938977126888173e-02,7.373605988793124726e-03,-1.444735628963710744e-02,-1.499063806483527835e-02
-7.069756668030788282e-02,1.457238730789906997e-02,-6.472164333280233661e-02,-8.033530767582369725e-02,-7.737138208695011621e-02,-3.633932138241774412e-02,3.228827468277892243e-02,1.016105085782830278e-02,-1.599269493956690866e-02,-1.486455643852660317e-02
-7.069628512159585598e-02,1.657506688952108120e-02,-6.470187794980822305e-02,-7.728685550248140523e-02,-7.914088474546701613e-02,-4.019865728036922659e-02,3.489961705124761115e-02,1.286131108133190502e-02,-1.737299802928475578e-02,-1.460253859196473936e-02
-7.069501666344389645e-02,1.855825971076154393e-02,-6.465530133162622484e-02,-7.412075360521459821e-02,-8.065347893908372812e-02,-4.382792299300645317e-02,3.735698007773308876e-02,1.546351898377421909e-02,-1.858466410499106519e-02,-1.420859015128466372e-02
-7.069376159647100533e-02,2.052142840729289860e-02,-6.458274779753508943e-02,-7.084315175077944560e-02,-8.190764748105862358e-02,-4.721598888547074574e-02,3.965503133206703390e-02,1.795575910429210442e-02,-1.962711165368044228e-02,-1.369037760327067310e-02
-7.069252020442326478e-02,2.246404466987720130e-02,-6.448511044970917094e-02,-6.746013816028270660e-02,-8.290282619211153392e-02,-5.035324578890348901e-02,4.178870461748590559e-02,2.032877488607487404e-02,-2.049852293327875802e-02,-1.305387124732228753e-02
-7.069129277159252878e-02,2.438559070202601237e-02,-6.436324711452588720e-02,-6.397787321659503812e-02,-8.363914794897348015e-02,-5.323092307250063687e-02,4.375378895502936294e-02,2.257217289120013251e-02,-2.120088651578643998e-02,-1.230926915502010034e-02
-7.069007957593582969e-02,2.628555768886153485e-02,-6.421806745506744574e-02,-6.040244022404156476e-02,-8.411762982843566661e-02,-5.584172109589016775e-02,4.554633242523879050e-02,2.467808126192381699e-02,-2.173452975228026135e-02,-1.146360094532571441e-02
-7.068888089524860696e-02,2.816344740732390148e-02,-6.405044920419378229e-02,-5.673999845565629724e-02,-8.434001279454912681e-02,-5.817927557028161611e-02,4.716332374570349206e-02,2.663772245124807619e-02,-2.210325989563146493e-02,-1.052842414517883227e-02
-7.068769699990493094e-02,3.001877064228027428e-02,-6.386131593512320292e-02,-5.299662567057178419e-02,-8.430886572231444109e-02,-6.023852537333213714e-02,4.860208590273638191e-02,2.844485580069002276e-02,-2.230907658732431131e-02,-9.512311714617877750e-03
-7.068652816059774191e-02,3.185104866920138167e-02,-6.365156377485506334e-02,-4.917846630794507623e-02,-8.402741967067836604e-02,-6.201541323810788597e-02,4.986074002317968101e-02,3.009221691174583657e-02,-2.235751408824665845e-02,-8.427919843837606423e-03
-7.068537464101604106e-02,3.365981207684667909e-02,-6.342213453993844618e-02,-4.529157772804860010e-02,-8.349967419784273814e-02,-6.350717913525361080e-02,5.093771919949013904e-02,3.157498578698893221e-02,-2.225227529526456818e-02,-7.284336391859804784e-03
-7.068423670387180557e-02,3.544460207944265251e-02,-6.317393941406454494e-02,-4.134207499792212637e-02,-8.273023662757192365e-02,-6.471204022589675808e-02,5.183229297930936480e-02,3.288755950873395451e-02,-2.200000024164259702e-02,-6.094632611679527343e-03
-7.068311460478408914e-02,3.720496910027224630e-02,-6.290793210977296823e-02,-3.733598317897342256e-02,-8.172442906786300809e-02,-6.562940026504572588e-02,5.254402840074175185e-02,3.402659024899487572e-02,-2.160579803596604509e-02,-4.868149512752190967e-03
-7.068200859701671834e-02,3.894047333127829968e-02,-6.262504191172303669e-02,-3.327937125841889943e-02,-8.048813548889156844e-02,-6.625952882302467428e-02,5.307324508514557615e-02,3.498813852838197902e-02,-2.107676883086928576e-02,-3.619896567878627854e-03
-7.068091892859240666e-02,4.065068592906600359e-02,-6.232622830817237392e-02,-2.917822420293858521e-02,-7.902784039384426473e-02,-6.660399932470752182e-02,5.342062518448620345e-02,3.577021872650397449e-02,-2.041949682651483106e-02,-2.357223118572283806e-03
-7.067984584574946161e-02,4.233518855287727450e-02,-6.201242061425076002e-02,-2.503856372880456163e-02,-7.735051546816656964e-02,-6.666532894556664868e-02,5.358758575966663523e-02,3.637017205496985428e-02,-1.964278350575130935e-02,-1.091267403726605681e-03
-7.067878958509096754e-02,4.399357074942722434e-02,-6.168459657187377876e-02,-2.086629707537134698e-02,-7.546376886108267790e-02,-6.644684502667907999e-02,5.357576973458542252e-02,3.678772662640815427e-02,-1.875279432876568453e-02,1.671285834324010542e-04
-7.067775038234222484e-02,4.562543371322454883e-02,-6.134369497281129402e-02,-1.666736601850902708e-02,-7.337559686419599381e-02,-6.595291958241523977e-02,5.338757122121726845e-02,3.702182058563390638e-02,-1.775827362341104651e-02,1.406044968420157608e-03
-7.067672846546763088e-02,4.723038790837473522e-02,-6.099069283875560576e-02,-1.244760325510744711e-02,-7.109451084280812849e-02,-6.518882175279579194e-02,5.302566826607270356e-02,3.707348915103313852e-02,-1.666635825595377818e-02,2.617460014850144390e-03
-7.067572405952365910e-02,4.880805451318632332e-02,-6.062653252539688953e-02,-8.212852961300717500e-03,-6.862939530217623818e-02,-6.416068477441287665e-02,5.249340796903626677e-02,3.694318946644248314e-02,-1.548567855558515005e-02,3.789619407020683797e-03
-7.067473738224079594e-02,5.035806458879472924e-02,-6.025219014215499325e-02,-3.968845710510641132e-03,-6.598954969804590731e-02,-6.287548807438561593e-02,5.179441840800443064e-02,3.663338435105043672e-02,-1.422359306445064066e-02,4.915883734930477818e-03
-7.067376864896705857e-02,5.188006043049556842e-02,-5.986860197972661973e-02,2.786800480599083293e-04,-6.318459884532201531e-02,-6.134113829611452517e-02,5.093302984195875044e-02,3.614584306288691484e-02,-1.288915944507171632e-02,5.987178814747043387e-03
-7.067281806704260594e-02,5.337369422217457665e-02,-5.947673671309987309e-02,4.524118652662608570e-03,-6.022450694864885101e-02,-5.956622139438307734e-02,4.991377253387559165e-02,3.548436037763699757e-02,-1.148992068887910202e-02,6.998997571863509529e-03
-7.067188584112929495e-02,5.483862972837508926e-02,-5.907751773439157833e-02,8.761867734180348033e-03,-5.711946896366557058e-02,-5.756017987328237995e-02,4.874182755216061730e-02,3.465199285880964097e-02,-1.003502089582539170e-02,7.944849640824782483e-03
-7.067097216674063376e-02,5.627453998550684122e-02,-5.867190527351519996e-02,1.298647384909066768e-02,-5.388003388985736219e-02,-5.533297390400875038e-02,4.742255673721051945e-02,3.365392997128652253e-02,-8.531756246268706531e-03,8.820620595354418045e-03
-7.067007723500326466e-02,5.768110924399267453e-02,-5.826081516373091129e-02,1.719250938707893306e-02,-5.051694349259878980e-02,-5.289522975798399002e-02,4.596182621587190098e-02,3.249471366552404705e-02,-6.988165541424720337e-03,9.618105970819397152e-03
-7.066920122977710106e-02,5.905803259054025200e-02,-5.784518894343070733e-02,2.137469812032770367e-02,-4.704117790383613440e-02,-5.025816518568743119e-02,4.436570940075456465e-02,3.118076139531429994e-02,-5.411577023903478903e-03,1.033495222998569510e-02
-7.066834433094709711e-02,6.040501709062216784e-02,-5.742591378748680003e-02,2.552780072842912584e-02,-4.346383427391387055e-02,-4.743365753829862502e-02,4.264077264576533743e-02,2.971769105579383924e-02,-3.810427357741499529e-03,1.096593487642552774e-02
-7.066750671026333919e-02,6.172178080749078644e-02,-5.700390418463152642e-02,2.964674799603521024e-02,-3.979620414462711059e-02,-4.443400142363759103e-02,4.079364770913270627e-02,2.811301326723100041e-02,-2.192278204693256898e-03,1.151058816541891683e-02
-7.066668853487713398e-02,6.300805384105372109e-02,-5.658001450474606231e-02,3.372652530492721568e-02,-3.604964679645152742e-02,-4.127203696737494903e-02,3.883138512433150641e-02,2.637335013072710302e-02,-5.656804638200553254e-04,1.196491095665981261e-02
-7.066588996355178953e-02,6.426357781004707337e-02,-5.615512423141925252e-02,3.776230764184284466e-02,-3.223566627587108602e-02,-3.796087106485929175e-02,3.676091462482702910e-02,2.450714676619507662e-02,1.061357120314830550e-03,1.232934336275500788e-02
-7.066511115029011636e-02,6.548810690133810564e-02,-5.573004469418161438e-02,4.174933869922899110e-02,-2.836577248362532472e-02,-3.451407417190446858e-02,3.458947043048494346e-02,2.252178137509387723e-02,2.679772419223379939e-03,1.260100134939269069e-02
-7.066435224087629086e-02,6.668140711672415621e-02,-5.530560938552765704e-02,4.568306778007513030e-02,-2.445154755004513847e-02,-3.094533675379058588e-02,3.232398966359047165e-02,2.042628980780300529e-02,4.280501789344246140e-03,1.278166113829566283e-02
-7.066361337565374434e-02,6.784325737014663960e-02,-5.488257663344281445e-02,4.955903061176408081e-02,-2.050452687029597973e-02,-2.726867963295497715e-02,2.997157895468907651e-02,1.822848702393981349e-02,5.853471527263381241e-03,1.286914715277569232e-02
-7.066289468665828966e-02,6.897344849941411393e-02,-5.446172641595133090e-02,5.337298457781829153e-02,-1.653625666536490471e-02,-2.349805387595821360e-02,2.753880653883959695e-02,1.593769208744379856e-02,7.388182292406324063e-03,1.286568725362539738e-02
-7.066219630007150587e-02,7.007178419487362919e-02,-5.404375642589245160e-02,5.712078814767661966e-02,-1.255816879347691588e-02,-1.964759126283993629e-02,2.503223872157513824e-02,1.356178045328924713e-02,8.873173589708934286e-03,1.276893597163041710e-02
-7.066151833446969455e-02,7.113807981044081852e-02,-5.362938587120132106e-02,6.079852772050736709e-02,-8.581607186513452029e-03,-1.573118613184702752e-02,2.245768337106756468e-02,1.110988030754275421e-02,1.029591499807261216e-02,1.258163405944440032e-02
-7.066086090242232332e-02,7.217216394446927807e-02,-5.321924248302949134e-02,6.440239975374809078e-02,-4.617752998207294741e-03,-1.176282971021361257e-02,1.982085100780137457e-02,8.589504062484088626e-03,1.164300027118879595e-02,1.230212404737286540e-02
-7.066022410885425264e-02,7.317387560575223937e-02,-5.281397924647861231e-02,6.792883555620528313e-02,-6.775957308864116345e-04,-7.755966204121096316e-03,1.712637022444597409e-02,6.009219544902391109e-03,1.289973090836115874e-02,1.193319359568139996e-02
-7.065960805307612558e-02,7.414306545794102643e-02,-5.241415766437377416e-02,7.137436722125448108e-02,3.228145637573833545e-03,-3.724076563017676093e-03,1.437890617953825091e-02,3.375786211178608432e-03,1.405096761255731144e-02,1.147306654011880089e-02
-7.065901282762229729e-02,7.507959357667740030e-02,-5.202036941668693876e-02,7.473575985513943032e-02,7.088992993066552291e-03,3.200213829258913311e-04,1.158197628542030448e-02,6.969777637415159851e-04,1.507989551893215013e-02,1.092457073251819517e-02
-7.065843852019104698e-02,7.598332875525534713e-02,-5.163311847459553516e-02,7.800984288890118468e-02,1.089488616452287222e-02,4.363736805251128802e-03,8.738858478789661086e-03,-2.021613250176500839e-03,1.597028964133993464e-02,1.028618267787485656e-02
-7.065788521234189767e-02,7.685414850614386006e-02,-5.125294757950932950e-02,8.119367078318903697e-02,1.463599425679437335e-02,8.395061083180523770e-03,5.852061781074948191e-03,-4.773056202839230135e-03,1.670425231092049698e-02,9.561053360888603636e-03
-7.065735298180809976e-02,7.769193538554078349e-02,-5.088031318639811562e-02,8.428433667177284705e-02,1.830307413522745327e-02,1.240230791285672381e-02,2.924178967575494486e-03,-7.552758400116611412e-03,1.726520897690684772e-02,8.747958451850256986e-03
-7.065684190254231667e-02,7.849657511427166057e-02,-5.051574059744650541e-02,8.727908284569732555e-02,2.188728017317254429e-02,1.637442858033799978e-02,-4.245644455258884759e-05,-1.035425148899516735e-02,1.763716428119599042e-02,7.851768504442168881e-03
-7.065635206413517500e-02,7.926789607014045336e-02,-5.015989368161020284e-02,9.017446460740484449e-02,2.538337137274438229e-02,2.029992347551679011e-02,-3.035386719446800472e-03,-1.316305123987500207e-02,1.784291950096420637e-02,6.892665797648270427e-03
-7.065588358710263306e-02,8.000564338077756354e-02,-4.981394404666152076e-02,9.296585178745357669e-02,2.878802652575716478e-02,2.416208359775001008e-02,-6.020424466987986389e-03,-1.594254859466430821e-02,1.796030448817187777e-02,5.920076638690137047e-03
-7.065543657385293941e-02,8.070968053789434604e-02,-4.947861190512924806e-02,9.564949721734725130e-02,3.208597464942475330e-02,2.794635770475597039e-02,-8.993744875942181333e-03,-1.870383045761919369e-02,1.793174633205886492e-02,4.895385594184410369e-03
-7.065501105634013068e-02,8.138000947952320208e-02,-4.915393147888087039e-02,9.822428469553126651e-02,3.526392824400893106e-02,3.165127759389626400e-02,-1.198714543413168833e-02,-2.148428798931899600e-02,1.762930185103712966e-02,3.764598652582375367e-03
-7.065460705140705344e-02,8.201659744574284205e-02,-4.883997926106288523e-02,1.006890658131607413e-01,3.831982771147431077e-02,3.526796421176799090e-02,-1.499573169827755729e-02,-2.426260254917844694e-02,1.708464454826194578e-02,2.561292602366527921e-03
-7.065422460896865486e-02,8.261936021316687584e-02,-4.853726812254230416e-02,1.030416291625527586e-01,4.124794855300117219e-02,3.878399841517644886e-02,-1.800674923705921152e-02,-2.701780122796458225e-02,1.631978321844414909e-02,1.308855308888813443e-03
-7.065386379473380385e-02,8.318818028093265260e-02,-4.824633166206804963e-02,1.052792415699564527e-01,4.404240169481264677e-02,4.218848464584731145e-02,-2.100988609325761883e-02,-2.974104982053214427e-02,1.534419902430217246e-02,1.505056743431747449e-05
-7.065352467484981025e-02,8.372293476568784532e-02,-4.796785759666940402e-02,1.073991694694428622e-01,4.669757931796305467e-02,4.547052961956193906e-02,-2.399187537039834672e-02,-3.241896340241531144e-02,1.417077618502819540e-02,-1.305556792826758272e-03
-7.065320731987990988e-02,8.422349180981776595e-02,-4.770247342362952947e-02,1.093984736866840252e-01,4.920824079030885340e-02,4.861814551516098482e-02,-2.693671691871926677e-02,-3.503881647940351729e-02,1.282283192854205729e-02,-2.640941798848911014e-03
-7.065291180135199745e-02,8.468971522753754311e-02,-4.745096575697417551e-02,1.112742171319857643e-01,5.156893914726438932e-02,5.161992824672154839e-02,-2.982715755915617620e-02,-3.758556522813873146e-02,1.132010594204160142e-02,-3.976967091101626765e-03
-7.065263819331431272e-02,8.512146158761600689e-02,-4.721405177969573153e-02,1.130232818170944786e-01,5.377512538294114408e-02,5.446284988056381698e-02,-3.264199722494460360e-02,-4.004266476435868610e-02,9.701085375113995338e-03,-5.297004850836009408e-03
-7.065238657127834165e-02,8.551858216922388067e-02,-4.699257588086628440e-02,1.146426475650965254e-01,5.582194758159263193e-02,5.713465755688214298e-02,-3.535754894527004533e-02,-4.239089588985735929e-02,7.992855072410893352e-03,-6.585530894052044233e-03
-7.065215701048517538e-02,8.588093221416571998e-02,-4.678731720424318674e-02,1.161290969450921723e-01,5.770497758812993122e-02,5.962142818774208985e-02,-3.794973695230213079e-02,-4.461171854057821573e-02,6.245382960032207220e-03,-7.823699918326508518e-03
-7.065194958642946610e-02,8.620836152496715032e-02,-4.659919050563252757e-02,1.174795541160262580e-01,5.941961002278892817e-02,6.191036241339900603e-02,-4.039167536793427521e-02,-4.668287406479582069e-02,4.496503089480118412e-03,-8.993377828679092675e-03
-7.065176437402315157e-02,8.650072591354227014e-02,-4.642892311752228746e-02,1.186909633137217396e-01,6.096190294332651249e-02,6.398759847590516914e-02,-4.265654816455270032e-02,-4.858576556229988325e-02,2.793913162162794343e-03,-1.007884942093035911e-02
-7.065160144150305077e-02,8.675788507843537611e-02,-4.627742013375834434e-02,1.197604713994632614e-01,6.232798032812806449e-02,6.584140766176813098e-02,-4.471784363513259947e-02,-5.029752734536368369e-02,1.180053785274126459e-03,-1.106094436263622277e-02
-7.065146086908884182e-02,8.697968492093371973e-02,-4.614537045893753880e-02,1.206850447577496876e-01,6.351403242850416075e-02,6.746221732316518005e-02,-4.655729026860599973e-02,-5.181543569963954765e-02,-3.249872639096324260e-04,-1.194051090187628859e-02
-7.065134274423776062e-02,8.716591598209869063e-02,-4.603369287148251915e-02,1.214616248123086273e-01,6.451933448588233200e-02,6.885562074093903862e-02,-4.817901209971151011e-02,-5.316464325210640274e-02,-1.759899201719855111e-03,-1.273392544101734948e-02
-7.065124714397240380e-02,8.731648341925628276e-02,-4.594312091869658804e-02,1.220871421127565914e-01,6.533355327101092458e-02,6.999696410103550814e-02,-4.954085259651162115e-02,-5.431500165435913102e-02,-3.070028994070236970e-03,-1.344182150303815937e-02
-7.065117415142675716e-02,8.743107128325401656e-02,-4.587517558988456895e-02,1.225577242799077426e-01,6.597482685318789564e-02,7.087112006236731543e-02,-5.055952882024978418e-02,-5.515770472848671724e-02,-3.962671546193125525e-03,-1.389520075881440879e-02
-7.065112392021861976e-02,8.750944843378764826e-02,-4.583144498859630794e-02,1.228676158364944704e-01,6.643015028930684962e-02,7.143494529101847290e-02,-5.114399922360549772e-02,-5.562690125666621549e-02,-4.298621300246701499e-03,-1.407495664313694432e-02
-7.065109636241369284e-02,8.755188418807352546e-02,-4.581096426983354009e-02,1.230196833307556498e-01,6.668193524495187596e-02,7.169751737670744529e-02,-5.135221250489901967e-02,-5.577088893320072960e-02,-4.265223623570520151e-03,-1.408104871055968974e-02
