1.035,873.15,10167.20719,433.7768585,-97.3365114,-24.34109704,5.078838135,6.19070748
1.035,923.15,8169.929465,410.248438,-127.2507064,-24.74936764,5.603444992,5.624891456
1.035,973.15,6172.309607,377.7920066,-160.4619657,-18.87257437,5.413421791,5.194264911
1.035,823.15,12157.94684,315.875734,-140.8787206,-16.76929869,-25.29382776,1.48744698
1.035,1023.15,4174.572938,343.6629441,-193.9411994,-11.58010653,5.262347828,3.751111311
1.035,1073.15,2176.661387,309.0045361,-227.3414503,-3.74562634,5.294957485,2.209312563
1.035,1123.15,178.5865924,274.1435858,-260.6377907,4.250832376,5.390061474,0.67018542
1.035,1173.15,-1819.620442,239.1854476,-293.8529113,12.2962097,5.502785441,-0.859758324
1.035,1223.15,-3817.933716,204.1709904,-327.0070105,20.35620455,5.619921687,-2.383137369
1.035,1273.15,-5816.32876,169.1205197,-360.119205,28.42220594,5.739358903,-3.901382231
1.035,1323.15,-7814.775241,134.0368721,-393.2118908,36.51133391,5.870023301,-5.418086638
3.015,873.15,10025.0329,143.6842544,-148.1707706,20.11214281,-39.54724293,1.903266414
3.015,923.15,8034.965252,338.8750973,-62.27631721,-10.38858212,5.986853376,2.803614321
3.015,973.15,6038.728972,324.3419079,-89.66757702,-17.86392747,5.342607824,2.532361313
3.015,1023.15,4043.068995,294.8835533,-123.0162352,-14.31104792,4.970768334,3.680617436
3.015,1073.15,2047.541523,262.1336967,-157.2337693,-8.137776567,4.26465334,2.450273674
3.015,1123.15,51.81913473,228.3039521,-191.4325704,-0.684777724,4.024964648,1.011006154
3.015,1173.15,-1944.181916,194.0535526,-225.4758986,7.193923562,3.980827623,-0.41742807
3.015,1223.15,-3940.448611,159.5963325,-259.3689884,15.21244007,4.002154897,-1.830436876
3.015,1273.15,-5936.933756,125.0209711,-293.1531961,23.28420391,4.050075198,-3.228957343
3.015,1323.15,-7933.468257,90.38534588,-326.9725149,31.45214338,4.149194961,-4.603287266
5.04,873.15,9840.387747,-866.1210064,-626.8481051,-189.9032572,-32.98858184,-19.97872411
5.04,923.15,7900.577639,227.2079395,-17.39746342,20.97624441,-1.305549273,0.286625132
5.04,973.15,5904.041222,265.7917066,-19.95296368,-13.76861791,5.699869317,-0.581372859
5.04,1023.15,3909.612258,243.8786238,-51.52789321,-15.22186296,4.97692732,2.680476676
5.04,1073.15,1916.05491,213.9451676,-86.03047747,-11.74543373,3.637288433,2.700772489
5.04,1123.15,-77.47220865,181.4211978,-120.9823112,-5.378106813,2.795310727,1.384720723
5.04,1173.15,-2071.312275,147.969259,-155.8034634,2.134299788,2.482238274,0.055299846
5.04,1223.15,-4065.535713,114.1027442,-190.4161168,10.03517782,2.364124912,-1.245656365
5.04,1273.15,-6060.086495,80.01976383,-224.871715,18.08456055,2.324189128,-2.521532628
5.04,1323.15,-8054.880926,45.75887541,-259.2451175,26.27939449,2.354912883,-3.796690764
7.02,923.15,7771.197082,70.57951245,-0.877503927,55.82869038,-15.22654495,-1.338095657
7.02,973.15,5773.905681,204.7709966,45.89520665,-5.553760027,7.855426112,-1.734343995
7.02,1023.15,3779.93785,193.1206481,17.42352701,-15.26925602,4.44960996,0.40072157
7.02,1073.15,1787.976993,166.6304944,-16.8633266,-14.56320421,3.313271181,2.903449594
7.02,1123.15,-203.5676127,135.5953479,-52.40263344,-9.661312034,1.737066538,1.786917561
7.02,1173.15,-2195.374017,102.9861612,-87.92468865,-2.673528725,1.066509654,0.540484823
7.02,1223.15,-4187.641474,69.71382075,-123.2079162,5.047203387,0.77527161,-0.655205139
7.02,1273.15,-6180.318892,36.11742033,-158.3047468,13.04802529,0.635607678,-1.810635044
7.02,1323.15,-8173.366083,2.247818891,-193.2659114,21.27198773,0.605632676,-2.970889988
9,923.15,7642.728388,-136.8051209,-13.89255271,86.22287041,-29.33100977,-0.847898727
9,973.15,5645.106433,139.7703806,109.2661402,6.155251802,10.17905683,-2.794746856
9,1023.15,3650.943503,141.6665802,85.54369255,-14.90955871,3.608098002,-2.423349386
9,1073.15,1660.329385,119.1765003,51.88476428,-16.85025727,3.11621907,2.962816912
9,1123.15,-329.3652533,89.8005603,15.88878325,-13.68215561,0.800970879,2.230999754
9,1173.15,-2319.203478,58.08455155,-20.28099699,-7.358946147,-0.307162568,1.050388744
9,1223.15,-4309.550946,25.41888825,-56.20631121,0.126857771,-0.80356243,-0.046364936
9,1273.15,-6300.370374,-7.686984333,-91.93122278,8.057107001,-1.05443159,-1.082051108
9,1323.15,-8291.690928,-41.17554315,-127.4576067,16.30537966,-1.147149725,-2.132403772
11.07,923.15,7508.930547,-407.8972338,-59.11639875,108.4842822,-38.33466208,1.718637396
11.07,973.15,5511.681985,67.88457803,172.9683789,20.86547443,12.32884563,-4.124953222
11.07,1023.15,3516.719258,87.33918068,156.0279794,-14.13300539,3.03438023,-4.999830822
11.07,1073.15,1527.289191,69.48022007,123.345595,-18.85114464,2.892367853,2.7722091
11.07,1123.15,-460.577017,41.97260239,86.98633957,-17.64206624,-0.069800107,2.737510382
11.07,1173.15,-2448.427055,11.23418154,50.19431541,-12.14462444,-1.706512844,1.612611698
11.07,1223.15,-4436.798307,-20.78782125,13.62643967,-4.953180561,-2.447324933,0.609131596
11.07,1273.15,-6425.686504,-53.37822023,-22.74475311,2.886534247,-2.82351596,-0.30314732
11.07,1323.15,-8415.230707,-86.47953291,-58.8368126,11.15269589,-2.985153899,-1.24332801
13.005,923.15,7382.028788,-742.3314227,-150.7236863,97.74296434,-28.73963004,4.857409317
13.005,973.15,5387.89726,-2.260467041,230.5243781,36.05400163,14.2677342,-5.398297271
13.005,1023.15,3391.746825,36.26029127,221.3829229,-13.01591145,3.065356913,-6.774236518
13.005,1073.15,1403.273581,22.99832695,189.787244,-20.48308067,2.576130904,2.312755768
13.005,1123.15,-582.9676287,-2.674867556,153.1813423,-21.15416215,-0.805445179,3.242224075
13.005,1173.15,-2569.007453,-32.47190805,115.852788,-16.52276535,-2.985315019,2.164346851
13.005,1223.15,-4555.558212,-63.88565799,78.70677515,-9.644269835,-3.978224262,1.237385696
13.005,1273.15,-6542.662674,-95.99416258,41.74908395,-1.911763721,-4.481992337,0.442745774
13.005,1323.15,-8530.565664,-128.7438745,5.147425844,6.369641482,-4.709535892,-0.401596868
15.03,923.15,7245.907775,-1185.823938,-303.4438884,48.30377392,4.496703688,7.070274981
15.03,973.15,5259.12832,-77.83741802,289.2634988,52.81102306,16.48384271,-6.5814175
15.03,1023.15,3261.431243,-17.32437098,289.34414,-11.47056308,3.665111436,-8.083398817
15.03,1073.15,1273.797725,-25.63328111,258.9915113,-22.05731098,2.083325343,1.563702119
15.03,1123.15,-710.8194268,-49.32660852,222.213902,-24.69473598,-1.528186436,3.808744539
15.03,1173.15,-2694.977264,-78.11301915,184.3375267,-21.01391613,-4.297796165,2.763951578
15.03,1223.15,-4679.713057,-108.8902607,146.6548934,-14.5573526,-5.601908944,1.933515195
15.03,1273.15,-6664.890124,-140.4957626,109.0474945,-6.879047684,-6.215637824,1.233091653
15.03,1323.15,-8651.11019,-172.8868061,71.94050427,1.402636561,-6.51896732,0.487465031
17.01,923.15,7109.004626,-1703.746508,-503.0315997,-29.59323687,55.26280737,8.856806147
17.01,973.15,5134.014968,-153.0450065,345.5057331,69.82029803,19.05829978,-7.573157066
17.01,1023.15,3134.400922,-69.72371497,355.4483209,-9.662853317,4.676778271,-9.002282961
17.01,1073.15,1147.503562,-73.1327727,326.3383613,-23.49840202,1.455075418,0.611676845
17.01,1123.15,-835.5804113,-94.85226893,289.4595873,-28.02577039,-2.195255213,4.37806885
17.01,1173.15,-2817.957956,-122.6439525,251.0980374,-25.34522595,-5.56888955,3.3830081
17.01,1223.15,-4800.829873,-152.7952498,212.837005,-19.22335331,-7.149617578,2.594331793
17.01,1273.15,-6784.246542,-183.9179579,174.6867325,-11.71296402,-7.919565583,2.027841458
17.01,1323.15,-8768.852108,-215.9654235,137.1081332,-3.445350377,-8.30396491,1.378111437
19.035,973.15,5006.688502,-230.3930089,402.3936317,87.51319933,22.24484246,-8.370675577
19.035,1023.15,3004.828443,-123.2196591,422.7777564,-7.621783431,5.995488851,-9.717326276
19.035,1073.15,1018.611451,-121.6232142,394.9213923,-24.93084206,0.680491871,-0.512137001
19.035,1123.15,-962.9222197,-141.3110089,357.9745901,-31.31675434,-2.85121758,4.964485498
19.035,1173.15,-2943.517469,-168.0824981,319.1522908,-29.69886461,-6.852028751,4.034186906
19.035,1223.15,-4924.535749,-197.5954038,280.3400521,-23.9729389,-8.744720377,3.291449277
19.035,1273.15,-6906.119304,-228.2341934,241.6169259,-16.58519078,-9.652998747,2.836251747
19.035,1323.15,-8889.074564,-259.9338075,203.56024,-8.325344747,-10.11951499,2.271556619
