1.035,823.15,0.52098561,-0.002277264,-0.007875888,0.006012041,0.00115488,-0.001292314,0.001473538,-0.000478514
1.035,873.15,0.463684265,0.068583803,-0.012995571,-0.059061469,-0.051442393,-0.019597823,0.00314847,-0.003405603
1.035,923.15,0.53090192,0.028557497,-0.017808356,-0.009475439,0.007518343,0.005010741,0.000300347,-0.005879621
1.035,973.15,0.522235298,-0.005223576,-0.009428618,-0.002269526,0.003462307,-3.36663E-05,-0.000666267,0.000279078
1.035,1023.15,0.521139806,-0.003825197,-0.006546118,-0.002401382,0.00367232,0.000325905,-0.000452811,-0.000129745
1.035,1073.15,0.520731556,0.001186135,-0.003209126,-0.003127068,0.004694552,0.001947909,0.001094832,-0.001847649
1.035,1123.15,0.518036827,-0.003164168,-0.006062923,-0.002554029,0.003735988,0.000509418,-0.000420518,-0.000316624
1.035,1173.15,0.51603411,-0.004040626,-0.007738654,-0.00254569,0.003603671,0.000192015,-0.000642669,-0.000132617
1.035,1223.15,0.514120677,-0.004116518,-0.007681384,-0.00253756,0.003586201,0.00018594,-0.000650413,-0.000115373
1.035,1273.15,0.512080984,-0.004212524,-0.007615325,-0.00252464,0.003566787,0.000177936,-0.000662593,-9.80681E-05
1.035,1323.15,0.510008081,-0.003861452,-0.007711591,-0.002596032,0.003588004,0.00016244,-0.000665846,-5.65932E-05
3.015,873.15,0.411901608,-0.003277075,-0.001839049,0.013768105,-0.000945382,-0.002684181,0.002810154,-0.000138146
3.015,923.15,0.415757225,-0.006892495,-0.001445019,0.002049338,0.002171345,-0.000666729,0.00012939,-4.14612E-05
3.015,973.15,0.413470481,-0.007884006,-0.00129816,-0.000678879,0.002769357,-0.000244016,-0.000511911,-9.89153E-05
3.015,1023.15,0.409624686,-0.008089845,-0.001236522,-0.001482171,0.002926529,-0.000125601,-0.000735503,-0.000111363
3.015,1073.15,0.405292907,-0.007516929,-0.001418075,-0.001899194,0.003027704,-9.48543E-05,-0.00077661,-6.31928E-05
3.015,1123.15,0.400483825,-0.00742463,0.00048634,-0.001850656,0.002933642,0.000129142,-0.000710056,0.000303839
3.015,1173.15,0.394838915,-0.009273087,-0.002533813,-0.001844712,0.002727842,-0.000119942,-0.001025555,0.000288124
3.015,1223.15,0.389393258,-0.008893617,-0.002795084,-0.001980956,0.00275281,-0.000168345,-0.001099478,0.000372998
3.015,1273.15,0.386870954,0.00530473,0.012173227,-0.003880958,0.003593396,0.004718811,0.000802644,-0.003111495
3.015,1323.15,0.377612439,-0.006945061,-0.001278382,-0.002270882,0.003029525,-0.000163133,-0.000902326,0.000111168
5.04,873.15,0.2887008,0.002322484,0.002056521,0.04170192,-0.01009853,-0.006910374,0.013496782,-0.000609983
5.04,923.15,0.302873522,-0.009174128,0.003224971,0.009229786,-3.05103E-05,-0.001846888,0.001728296,0.000231521
5.04,973.15,0.300825384,-0.011841332,0.00305511,0.001900497,0.00170409,-0.000926561,-0.000433775,0.000197371
5.04,1023.15,0.295125784,-0.011728672,0.006096995,-0.000100564,0.001998244,-0.000520904,-0.000755058,0.000996715
5.04,1073.15,0.287282078,-0.014009099,0.000936734,-0.000952274,0.001945874,-0.000460533,-0.001104359,0.000590451
5.04,1123.15,0.279898034,-0.011282113,0.00567218,-0.001383777,0.002266024,-0.00013435,-0.000926528,0.00041492
5.04,1173.15,0.270735586,-0.013175552,-0.00021812,-0.001625734,0.002120278,-0.000660501,-0.001797379,0.000764327
5.04,1223.15,0.261359316,-0.013742413,-0.000479305,-0.001717556,0.001969565,-0.000506035,-0.001298313,0.00090924
5.04,1273.15,0.251778723,-0.012445359,-0.001305241,-0.002070363,0.002151753,-0.000734982,-0.001671821,0.001037373
5.04,1323.15,0.235376967,-0.040307041,0.038212422,-0.001189654,-0.030588791,0.044968755,-0.003177449,0.00301482
7.02,923.15,0.191440236,-0.006486271,0.00581668,0.01778743,-0.00251903,-0.002781154,0.005115576,0.000599546
7.02,973.15,0.189725843,-0.016015104,0.005922068,0.005135737,0.000496366,-0.001636269,8.52628E-05,0.000530057
7.02,1023.15,0.181818891,-0.018298288,0.005569315,0.001390558,0.001192542,-0.001264199,-0.001577726,0.000400393
7.02,1073.15,0.172039877,-0.017692764,0.004777758,-0.0003005,0.001446925,-0.000922651,-0.001462362,0.000486023
7.02,1123.15,0.1604683,-0.019552371,0.004781718,-0.000497061,0.001360716,-0.000906409,-0.002028267,0.000442183
7.02,1173.15,0.148214884,-0.020415759,0.004494878,-0.000712431,0.001227643,-0.000731492,-0.001681764,0.000541839
7.02,1223.15,0.135296119,-0.020506945,0.003970608,-0.00090947,0.001242043,-0.000817724,-0.001885742,0.000615757
7.02,1273.15,0.122963927,-0.014359144,0.007588849,-0.002003193,0.002089591,-0.000855308,-0.00095407,5.80238E-06
7.02,1323.15,0.106522225,-0.021338961,0.003045782,-0.001044251,0.001099464,-0.000859525,-0.001666261,0.000827237
9,923.15,0.106188671,0.121820529,-0.007780942,0.002210097,0.004946768,0.007937253,0.006128319,-0.009919991
9,973.15,0.079358709,-0.013520861,0.008329047,0.007364477,-0.000389039,-0.00165401,0.003148576,0.000903614
9,1023.15,0.068414057,-0.023280701,0.009425895,0.002973188,0.000235181,-0.001398774,-0.000333666,0.000315973
9,1073.15,0.055941611,-0.023197255,0.008535385,0.000692222,0.000769708,-0.001288534,-0.001498738,0.00022635
9,1123.15,0.041936321,-0.022504184,0.01431384,0.000105382,0.000925463,-0.000797642,-0.001665186,-0.000387877
9,1173.15,0.024197967,-0.031863021,-0.00168466,0.000232791,-6.93613E-05,-0.001128243,-0.002570094,0.001659191
9,1223.15,0.008908826,-0.026742414,0.007487524,-0.00034307,0.00067547,-0.00122293,-0.002371597,0.000188496
9,1273.15,-0.006932182,-0.018759512,0.010594281,-0.001766618,0.001855793,-0.00176852,-0.002436331,-0.000444225
9,1323.15,-0.027449658,-0.02510026,0.005643641,-0.001189341,0.000803085,-0.00121656,-0.001495035,0.000489793
11.07,923.15,-0.006847185,0.15626555,-0.005546916,0.010780096,-0.001564393,0.000925709,0.000564642,0.001314223
11.07,973.15,-0.037071277,-0.012689136,0.011688483,0.010639632,-0.001570212,-0.00169833,0.006095041,0.001017625
11.07,1023.15,-0.05190773,-0.033377664,-0.001676526,0.004670422,-0.001275298,-0.00143771,0.000666043,0.002469336
11.07,1073.15,-0.065883286,-0.028919652,0.012042709,0.001764409,0.000155504,-0.001789857,-0.001771243,-0.000208935
11.07,1123.15,-0.08631736,-0.041390317,-0.004759707,0.001490018,-0.001173486,-0.000874504,-0.001915167,0.002043088
11.07,1173.15,-0.102050615,-0.027636282,0.009794501,-0.000844713,0.000510031,-0.001208134,-0.000422711,3.68493E-05
11.07,1223.15,-0.123061408,-0.030447155,0.009757881,-0.000619566,0.000368012,-0.0014185,-0.001435763,-0.00015418
11.07,1273.15,-0.144596028,-0.029284002,0.008549504,-0.001140207,0.000670551,-0.0018486,-0.002201446,-0.000186492
11.07,1323.15,-0.168721583,-0.032156307,0.008524389,-0.000759754,0.000333235,-0.001780496,-0.002037068,-0.00025422
13.005,923.15,-0.114591436,0.186841157,-0.005608568,0.021076398,-0.004943585,-0.000391672,-0.002447755,-0.00010871
13.005,973.15,-0.136637367,0.031789273,0.00916451,0.004507455,0.000815508,0.000816905,0.013694433,0.002824971
13.005,1023.15,-0.161777924,-0.029779559,8.46608E-05,0.004811888,-0.001101233,-0.001746505,0.001079571,0.002169719
13.005,1073.15,-0.184804979,-0.05296017,-0.020721293,0.003344728,-0.002629357,0.000914957,0.000530859,0.00363747
13.005,1123.15,-0.210037233,-0.072762074,-0.048341003,0.003701788,-0.003375459,0.004090387,-0.00209313,0.004077542
13.005,1173.15,-0.222142181,-0.030562084,0.011429184,-0.000884292,0.000635653,-0.002302246,-0.001873639,-0.00065819
13.005,1223.15,-0.249986088,-0.046837077,-0.007254998,0.000162199,-0.001248478,-0.000734482,-0.001527928,0.001472842
13.005,1273.15,-0.269194045,-0.018968406,0.006357909,-0.004234306,0.00240076,-0.003492301,-0.002702614,-0.000453088
13.005,1323.15,-0.302707472,-0.04410834,-0.011995721,-0.001265554,-0.000627668,-0.000936379,-0.001374923,0.001501011
15.03,923.15,-0.228547146,0.220021463,-0.00597329,0.033738995,-0.009371214,-0.001222896,-0.004313645,-0.001783684
15.03,973.15,-0.214845215,0.195930632,-0.000472022,-0.024007189,0.009590903,0.002049987,0.002964281,0.006291648
15.03,1023.15,-0.277974867,-0.02967516,0.002817872,0.005709077,-0.001446584,-0.001691906,0.00218832,0.00166216
15.03,1073.15,-0.29727002,-0.026705753,0.014803845,8.34048E-05,-0.000281263,-0.000845909,0.005570683,-6.47922E-05
15.03,1123.15,-0.323621353,-0.038096821,-0.003389933,-0.000572359,-0.000376892,-0.001646488,-0.000875989,0.001010229
15.03,1173.15,-0.353939427,-0.0568748,-0.026813669,3.57441E-05,-0.001873689,0.001476712,0.00019492,0.002478009
15.03,1223.15,-0.350591935,0.081101731,-0.02074413,-0.027405052,0.014098864,0.013696526,0.003112331,-0.014450685
15.03,1273.15,-0.406715382,-0.038106533,0.011572571,-0.001122816,0.00096962,-0.004413528,-0.006037768,-0.002271804
15.03,1323.15,-0.443096878,-0.056379365,-0.00946609,0.000292712,-0.001239611,-0.001812467,-0.00488631,-0.000350556
17.01,923.15,-0.34143106,0.253373676,-0.006845729,0.048571677,-0.014572181,-0.002643295,-0.007845995,-0.0042204
17.01,973.15,-0.319865858,0.231554135,0.001804517,-0.0261117,0.008855361,0.001386239,-0.002268913,0.006325766
17.01,1023.15,-0.386288148,-0.004333626,0.00450788,0.001605914,0.000784747,-0.001127063,0.004030784,0.001793524
17.01,1073.15,-0.419789362,-0.051497302,-0.016916232,0.00296279,-0.002045508,0.00018861,-0.00122749,0.001559462
17.01,1123.15,-0.44383715,-0.040823591,-0.001601356,-0.001271278,-0.000923232,-0.000398783,0.003396232,0.00066078
17.01,1173.15,-0.472360261,-0.038341642,0.01464809,-0.001194972,0.000563652,-0.003601417,-0.001961903,-0.00229452
17.01,1223.15,-0.500852857,-0.025422734,0.017715058,-0.00418984,0.001937582,-0.004004205,-0.002481737,-0.002783567
17.01,1273.15,-0.532947964,-0.018893644,0.022739015,-0.00579375,0.00140728,-0.002064053,-0.001908437,-0.001347553
17.01,1323.15,-0.56898433,-0.018112526,0.032113274,-0.006586635,-0.000503609,0.003418412,0.003555534,-0.002680345
19.035,973.15,-0.429332508,0.26047018,0.003033345,-0.027143666,0.008695957,0.00105477,-0.003381225,0.006509963
19.035,1023.15,-0.487827951,0.063797503,0.007050321,-0.011876442,0.005419351,0.002722024,0.014267481,0.00359295
19.035,1073.15,-0.542220855,-0.061743041,-0.058905968,0.000841094,-0.002569206,0.010968274,0.004090822,0.000875052
19.035,1123.15,-0.576835243,-0.083873733,-0.043181238,0.003404357,-0.004347078,0.006036248,-0.000441724,0.000298242
19.035,1173.15,-0.600114602,-0.045007379,0.016800443,-0.001379581,-0.000178252,-0.002913195,0.001732087,-0.003031376
19.035,1223.15,-0.639795972,-0.063457183,-0.003611858,0.000636035,-0.001043659,-0.003502149,-0.00749101,-0.002938374
19.035,1273.15,-0.672244108,-0.040942542,0.012326776,-0.004189716,0.001015168,-0.003660226,0.001571403,-0.003464545
19.035,1323.15,-0.718550601,-0.064497279,-0.007726334,-0.002003912,-0.001901341,0.000336945,0.002871954,-0.002273585
